--
-- PostgreSQL database dump
--



-- Dumped from database version 18.1
-- Dumped by pg_dump version 18.1

-- Started on 2026-05-05 17:20:52

SET statement_timeout = 0;
SET lock_timeout = 0;
SET idle_in_transaction_session_timeout = 0;
SET transaction_timeout = 0;
SET client_encoding = 'UTF8';
SET standard_conforming_strings = on;
SELECT pg_catalog.set_config('search_path', '', false);
SET check_function_bodies = false;
SET xmloption = content;
SET client_min_messages = warning;
SET row_security = off;

SET default_tablespace = '';

SET default_table_access_method = heap;

--
-- TOC entry 273 (class 1259 OID 25922)
-- Name: account_emailaddress; Type: TABLE; Schema: public; Owner: -
--

CREATE TABLE public.account_emailaddress (
    id integer NOT NULL,
    email character varying(254) NOT NULL,
    verified boolean NOT NULL,
    "primary" boolean NOT NULL,
    user_id bigint NOT NULL
);


--
-- TOC entry 272 (class 1259 OID 25921)
-- Name: account_emailaddress_id_seq; Type: SEQUENCE; Schema: public; Owner: -
--

ALTER TABLE public.account_emailaddress ALTER COLUMN id ADD GENERATED BY DEFAULT AS IDENTITY (
    SEQUENCE NAME public.account_emailaddress_id_seq
    START WITH 1
    INCREMENT BY 1
    NO MINVALUE
    NO MAXVALUE
    CACHE 1
);


--
-- TOC entry 275 (class 1259 OID 25935)
-- Name: account_emailconfirmation; Type: TABLE; Schema: public; Owner: -
--

CREATE TABLE public.account_emailconfirmation (
    id integer NOT NULL,
    created timestamp with time zone NOT NULL,
    sent timestamp with time zone,
    key character varying(64) NOT NULL,
    email_address_id integer NOT NULL
);


--
-- TOC entry 274 (class 1259 OID 25934)
-- Name: account_emailconfirmation_id_seq; Type: SEQUENCE; Schema: public; Owner: -
--

ALTER TABLE public.account_emailconfirmation ALTER COLUMN id ADD GENERATED BY DEFAULT AS IDENTITY (
    SEQUENCE NAME public.account_emailconfirmation_id_seq
    START WITH 1
    INCREMENT BY 1
    NO MINVALUE
    NO MAXVALUE
    CACHE 1
);


--
-- TOC entry 226 (class 1259 OID 17523)
-- Name: auth_group; Type: TABLE; Schema: public; Owner: -
--

CREATE TABLE public.auth_group (
    id integer NOT NULL,
    name character varying(150) NOT NULL
);


--
-- TOC entry 225 (class 1259 OID 17522)
-- Name: auth_group_id_seq; Type: SEQUENCE; Schema: public; Owner: -
--

ALTER TABLE public.auth_group ALTER COLUMN id ADD GENERATED BY DEFAULT AS IDENTITY (
    SEQUENCE NAME public.auth_group_id_seq
    START WITH 1
    INCREMENT BY 1
    NO MINVALUE
    NO MAXVALUE
    CACHE 1
);


--
-- TOC entry 228 (class 1259 OID 17533)
-- Name: auth_group_permissions; Type: TABLE; Schema: public; Owner: -
--

CREATE TABLE public.auth_group_permissions (
    id bigint NOT NULL,
    group_id integer NOT NULL,
    permission_id integer NOT NULL
);


--
-- TOC entry 227 (class 1259 OID 17532)
-- Name: auth_group_permissions_id_seq; Type: SEQUENCE; Schema: public; Owner: -
--

ALTER TABLE public.auth_group_permissions ALTER COLUMN id ADD GENERATED BY DEFAULT AS IDENTITY (
    SEQUENCE NAME public.auth_group_permissions_id_seq
    START WITH 1
    INCREMENT BY 1
    NO MINVALUE
    NO MAXVALUE
    CACHE 1
);


--
-- TOC entry 224 (class 1259 OID 17513)
-- Name: auth_permission; Type: TABLE; Schema: public; Owner: -
--

CREATE TABLE public.auth_permission (
    id integer NOT NULL,
    name character varying(255) NOT NULL,
    content_type_id integer NOT NULL,
    codename character varying(100) NOT NULL
);


--
-- TOC entry 223 (class 1259 OID 17512)
-- Name: auth_permission_id_seq; Type: SEQUENCE; Schema: public; Owner: -
--

ALTER TABLE public.auth_permission ALTER COLUMN id ADD GENERATED BY DEFAULT AS IDENTITY (
    SEQUENCE NAME public.auth_permission_id_seq
    START WITH 1
    INCREMENT BY 1
    NO MINVALUE
    NO MAXVALUE
    CACHE 1
);


--
-- TOC entry 258 (class 1259 OID 17850)
-- Name: core_banggianhienlieu; Type: TABLE; Schema: public; Owner: -
--

CREATE TABLE public.core_banggianhienlieu (
    id bigint NOT NULL,
    loai_nhien_lieu character varying(10) NOT NULL,
    gia_ban double precision NOT NULL,
    ngay_cap_nhat timestamp with time zone NOT NULL
);


--
-- TOC entry 257 (class 1259 OID 17849)
-- Name: core_banggianhienlieu_id_seq; Type: SEQUENCE; Schema: public; Owner: -
--

ALTER TABLE public.core_banggianhienlieu ALTER COLUMN id ADD GENERATED BY DEFAULT AS IDENTITY (
    SEQUENCE NAME public.core_banggianhienlieu_id_seq
    START WITH 1
    INCREMENT BY 1
    NO MINVALUE
    NO MAXVALUE
    CACHE 1
);


--
-- TOC entry 230 (class 1259 OID 17570)
-- Name: core_bonchua; Type: TABLE; Schema: public; Owner: -
--

CREATE TABLE public.core_bonchua (
    id bigint NOT NULL,
    ten_bon character varying(50) NOT NULL,
    loai_nhien_lieu character varying(10) NOT NULL,
    suc_chua_toi_da double precision NOT NULL,
    muc_hien_tai double precision NOT NULL,
    tram_id bigint NOT NULL,
    loai_san_pham_id bigint
);


--
-- TOC entry 229 (class 1259 OID 17569)
-- Name: core_bonchua_id_seq; Type: SEQUENCE; Schema: public; Owner: -
--

ALTER TABLE public.core_bonchua ALTER COLUMN id ADD GENERATED BY DEFAULT AS IDENTITY (
    SEQUENCE NAME public.core_bonchua_id_seq
    START WITH 1
    INCREMENT BY 1
    NO MINVALUE
    NO MAXVALUE
    CACHE 1
);


--
-- TOC entry 269 (class 1259 OID 25871)
-- Name: core_calamviec; Type: TABLE; Schema: public; Owner: -
--

CREATE TABLE public.core_calamviec (
    id bigint NOT NULL,
    thoi_gian_bat_dau timestamp with time zone NOT NULL,
    thoi_gian_ket_thuc timestamp with time zone,
    tien_dau_ca numeric(12,0) NOT NULL,
    so_loc_dau_ca double precision NOT NULL,
    trang_thai character varying(20) NOT NULL,
    nhan_vien_id bigint NOT NULL,
    tram_id bigint,
    tong_so_lit_ban double precision NOT NULL,
    tong_tien_thu numeric(12,0) NOT NULL
);


--
-- TOC entry 268 (class 1259 OID 25870)
-- Name: core_calamviec_id_seq; Type: SEQUENCE; Schema: public; Owner: -
--

ALTER TABLE public.core_calamviec ALTER COLUMN id ADD GENERATED BY DEFAULT AS IDENTITY (
    SEQUENCE NAME public.core_calamviec_id_seq
    START WITH 1
    INCREMENT BY 1
    NO MINVALUE
    NO MAXVALUE
    CACHE 1
);


--
-- TOC entry 248 (class 1259 OID 17680)
-- Name: core_chitiethoadon; Type: TABLE; Schema: public; Owner: -
--

CREATE TABLE public.core_chitiethoadon (
    id bigint NOT NULL,
    ten_mat_hang character varying(100) NOT NULL,
    so_luong double precision NOT NULL,
    don_gia double precision NOT NULL,
    thanh_tien double precision NOT NULL,
    hoa_don_id bigint NOT NULL
);


--
-- TOC entry 247 (class 1259 OID 17679)
-- Name: core_chitiethoadon_id_seq; Type: SEQUENCE; Schema: public; Owner: -
--

ALTER TABLE public.core_chitiethoadon ALTER COLUMN id ADD GENERATED BY DEFAULT AS IDENTITY (
    SEQUENCE NAME public.core_chitiethoadon_id_seq
    START WITH 1
    INCREMENT BY 1
    NO MINVALUE
    NO MAXVALUE
    CACHE 1
);


--
-- TOC entry 267 (class 1259 OID 25846)
-- Name: core_danhgiatram; Type: TABLE; Schema: public; Owner: -
--

CREATE TABLE public.core_danhgiatram (
    id bigint NOT NULL,
    ten_khach_hang character varying(100) NOT NULL,
    so_sao integer NOT NULL,
    noi_dung text NOT NULL,
    da_duyet boolean NOT NULL,
    ngay_gui timestamp with time zone NOT NULL,
    tram_id bigint NOT NULL,
    user_id bigint
);


--
-- TOC entry 266 (class 1259 OID 25845)
-- Name: core_danhgiatram_id_seq; Type: SEQUENCE; Schema: public; Owner: -
--

ALTER TABLE public.core_danhgiatram ALTER COLUMN id ADD GENERATED BY DEFAULT AS IDENTITY (
    SEQUENCE NAME public.core_danhgiatram_id_seq
    START WITH 1
    INCREMENT BY 1
    NO MINVALUE
    NO MAXVALUE
    CACHE 1
);


--
-- TOC entry 232 (class 1259 OID 17581)
-- Name: core_danhmuc; Type: TABLE; Schema: public; Owner: -
--

CREATE TABLE public.core_danhmuc (
    id bigint NOT NULL,
    ten_dm character varying(100) NOT NULL
);


--
-- TOC entry 231 (class 1259 OID 17580)
-- Name: core_danhmuc_id_seq; Type: SEQUENCE; Schema: public; Owner: -
--

ALTER TABLE public.core_danhmuc ALTER COLUMN id ADD GENERATED BY DEFAULT AS IDENTITY (
    SEQUENCE NAME public.core_danhmuc_id_seq
    START WITH 1
    INCREMENT BY 1
    NO MINVALUE
    NO MAXVALUE
    CACHE 1
);


--
-- TOC entry 261 (class 1259 OID 25722)
-- Name: core_doitacb2b; Type: TABLE; Schema: public; Owner: -
--

CREATE TABLE public.core_doitacb2b (
    id bigint NOT NULL,
    ten_cong_ty character varying(200) NOT NULL,
    so_dien_thoai character varying(15) NOT NULL,
    email character varying(254),
    nhu_cau character varying(200) NOT NULL,
    ghi_chu_admin text,
    ngay_gui timestamp with time zone NOT NULL,
    trang_thai character varying(20) NOT NULL
);


--
-- TOC entry 260 (class 1259 OID 25721)
-- Name: core_doitacb2b_id_seq; Type: SEQUENCE; Schema: public; Owner: -
--

ALTER TABLE public.core_doitacb2b ALTER COLUMN id ADD GENERATED BY DEFAULT AS IDENTITY (
    SEQUENCE NAME public.core_doitacb2b_id_seq
    START WITH 1
    INCREMENT BY 1
    NO MINVALUE
    NO MAXVALUE
    CACHE 1
);


--
-- TOC entry 246 (class 1259 OID 17667)
-- Name: core_hoadon; Type: TABLE; Schema: public; Owner: -
--

CREATE TABLE public.core_hoadon (
    id bigint NOT NULL,
    ma_hd character varying(50) NOT NULL,
    thoi_gian timestamp with time zone NOT NULL,
    tong_tien double precision NOT NULL,
    nhan_vien_id bigint NOT NULL,
    phuong_thuc_thanh_toan character varying(20) NOT NULL,
    email_nhan_hd character varying(255),
    ma_so_thue character varying(20),
    ten_cong_ty character varying(255),
    yeu_cau_vat boolean NOT NULL,
    ca_lam_viec_id bigint
);


--
-- TOC entry 245 (class 1259 OID 17666)
-- Name: core_hoadon_id_seq; Type: SEQUENCE; Schema: public; Owner: -
--

ALTER TABLE public.core_hoadon ALTER COLUMN id ADD GENERATED BY DEFAULT AS IDENTITY (
    SEQUENCE NAME public.core_hoadon_id_seq
    START WITH 1
    INCREMENT BY 1
    NO MINVALUE
    NO MAXVALUE
    CACHE 1
);


--
-- TOC entry 263 (class 1259 OID 25736)
-- Name: core_hosoungvien; Type: TABLE; Schema: public; Owner: -
--

CREATE TABLE public.core_hosoungvien (
    id bigint NOT NULL,
    vi_tri_ung_tuyen character varying(100) NOT NULL,
    ho_ten character varying(100) NOT NULL,
    so_dien_thoai character varying(15) NOT NULL,
    email character varying(254),
    file_cv character varying(100) NOT NULL,
    ngay_nop timestamp with time zone NOT NULL,
    trang_thai character varying(20) NOT NULL
);


--
-- TOC entry 262 (class 1259 OID 25735)
-- Name: core_hosoungvien_id_seq; Type: SEQUENCE; Schema: public; Owner: -
--

ALTER TABLE public.core_hosoungvien ALTER COLUMN id ADD GENERATED BY DEFAULT AS IDENTITY (
    SEQUENCE NAME public.core_hosoungvien_id_seq
    START WITH 1
    INCREMENT BY 1
    NO MINVALUE
    NO MAXVALUE
    CACHE 1
);


--
-- TOC entry 265 (class 1259 OID 25751)
-- Name: core_lienhegopy; Type: TABLE; Schema: public; Owner: -
--

CREATE TABLE public.core_lienhegopy (
    id bigint NOT NULL,
    ho_ten character varying(100) NOT NULL,
    so_dien_thoai character varying(15) NOT NULL,
    tieu_de character varying(200) NOT NULL,
    noi_dung text NOT NULL,
    ngay_gui timestamp with time zone NOT NULL,
    da_xu_ly boolean NOT NULL,
    email character varying(255)
);


--
-- TOC entry 264 (class 1259 OID 25750)
-- Name: core_lienhegopy_id_seq; Type: SEQUENCE; Schema: public; Owner: -
--

ALTER TABLE public.core_lienhegopy ALTER COLUMN id ADD GENERATED BY DEFAULT AS IDENTITY (
    SEQUENCE NAME public.core_lienhegopy_id_seq
    START WITH 1
    INCREMENT BY 1
    NO MINVALUE
    NO MAXVALUE
    CACHE 1
);


--
-- TOC entry 234 (class 1259 OID 17589)
-- Name: core_nhacungcap; Type: TABLE; Schema: public; Owner: -
--

CREATE TABLE public.core_nhacungcap (
    id bigint NOT NULL,
    ten_ncc character varying(100) NOT NULL,
    dia_chi character varying(255) NOT NULL,
    sdt character varying(15) NOT NULL,
    latitude double precision NOT NULL,
    longitude double precision NOT NULL,
    "ton_kho_A95" double precision NOT NULL,
    "ton_kho_DO" double precision NOT NULL,
    "ton_kho_E10" double precision NOT NULL,
    "ton_kho_E5" double precision NOT NULL
);


--
-- TOC entry 233 (class 1259 OID 17588)
-- Name: core_nhacungcap_id_seq; Type: SEQUENCE; Schema: public; Owner: -
--

ALTER TABLE public.core_nhacungcap ALTER COLUMN id ADD GENERATED BY DEFAULT AS IDENTITY (
    SEQUENCE NAME public.core_nhacungcap_id_seq
    START WITH 1
    INCREMENT BY 1
    NO MINVALUE
    NO MAXVALUE
    CACHE 1
);


--
-- TOC entry 271 (class 1259 OID 25883)
-- Name: core_noptiengiuaca; Type: TABLE; Schema: public; Owner: -
--

CREATE TABLE public.core_noptiengiuaca (
    id bigint NOT NULL,
    so_tien numeric(12,0) NOT NULL,
    nguoi_nhan character varying(100) NOT NULL,
    thoi_gian timestamp with time zone NOT NULL,
    ca_lam_viec_id bigint NOT NULL
);


--
-- TOC entry 270 (class 1259 OID 25882)
-- Name: core_noptiengiuaca_id_seq; Type: SEQUENCE; Schema: public; Owner: -
--

ALTER TABLE public.core_noptiengiuaca ALTER COLUMN id ADD GENERATED BY DEFAULT AS IDENTITY (
    SEQUENCE NAME public.core_noptiengiuaca_id_seq
    START WITH 1
    INCREMENT BY 1
    NO MINVALUE
    NO MAXVALUE
    CACHE 1
);


--
-- TOC entry 250 (class 1259 OID 17692)
-- Name: core_phieunhap; Type: TABLE; Schema: public; Owner: -
--

CREATE TABLE public.core_phieunhap (
    id bigint NOT NULL,
    ma_pn character varying(20) NOT NULL,
    thoi_gian timestamp with time zone NOT NULL,
    so_lit_nhap double precision NOT NULL,
    thanh_tien double precision NOT NULL,
    bon_chua_id bigint NOT NULL,
    nha_cung_cap_id bigint NOT NULL,
    cuoc_van_chuyen double precision NOT NULL,
    gia_nhap_1_lit double precision NOT NULL,
    tong_chi_phi double precision NOT NULL
);


--
-- TOC entry 249 (class 1259 OID 17691)
-- Name: core_phieunhap_id_seq; Type: SEQUENCE; Schema: public; Owner: -
--

ALTER TABLE public.core_phieunhap ALTER COLUMN id ADD GENERATED BY DEFAULT AS IDENTITY (
    SEQUENCE NAME public.core_phieunhap_id_seq
    START WITH 1
    INCREMENT BY 1
    NO MINVALUE
    NO MAXVALUE
    CACHE 1
);


--
-- TOC entry 252 (class 1259 OID 17707)
-- Name: core_sanpham; Type: TABLE; Schema: public; Owner: -
--

CREATE TABLE public.core_sanpham (
    id bigint NOT NULL,
    ten_sp character varying(100) NOT NULL,
    gia_tham_khao double precision NOT NULL,
    anh_sp character varying(100),
    mo_ta text,
    danh_muc_id bigint NOT NULL
);


--
-- TOC entry 251 (class 1259 OID 17706)
-- Name: core_sanpham_id_seq; Type: SEQUENCE; Schema: public; Owner: -
--

ALTER TABLE public.core_sanpham ALTER COLUMN id ADD GENERATED BY DEFAULT AS IDENTITY (
    SEQUENCE NAME public.core_sanpham_id_seq
    START WITH 1
    INCREMENT BY 1
    NO MINVALUE
    NO MAXVALUE
    CACHE 1
);


--
-- TOC entry 236 (class 1259 OID 17601)
-- Name: core_tintuc; Type: TABLE; Schema: public; Owner: -
--

CREATE TABLE public.core_tintuc (
    id bigint NOT NULL,
    tieu_de character varying(200) NOT NULL,
    anh_bia character varying(100),
    tom_tat text NOT NULL,
    noi_dung text NOT NULL,
    ngay_dang timestamp with time zone NOT NULL
);


--
-- TOC entry 235 (class 1259 OID 17600)
-- Name: core_tintuc_id_seq; Type: SEQUENCE; Schema: public; Owner: -
--

ALTER TABLE public.core_tintuc ALTER COLUMN id ADD GENERATED BY DEFAULT AS IDENTITY (
    SEQUENCE NAME public.core_tintuc_id_seq
    START WITH 1
    INCREMENT BY 1
    NO MINVALUE
    NO MAXVALUE
    CACHE 1
);


--
-- TOC entry 238 (class 1259 OID 17615)
-- Name: core_tramxang; Type: TABLE; Schema: public; Owner: -
--

CREATE TABLE public.core_tramxang (
    id bigint NOT NULL,
    ten_tram character varying(100) NOT NULL,
    dia_chi character varying(255) NOT NULL,
    latitude double precision NOT NULL,
    longitude double precision NOT NULL,
    trang_thai character varying(20) NOT NULL
);


--
-- TOC entry 237 (class 1259 OID 17614)
-- Name: core_tramxang_id_seq; Type: SEQUENCE; Schema: public; Owner: -
--

ALTER TABLE public.core_tramxang ALTER COLUMN id ADD GENERATED BY DEFAULT AS IDENTITY (
    SEQUENCE NAME public.core_tramxang_id_seq
    START WITH 1
    INCREMENT BY 1
    NO MINVALUE
    NO MAXVALUE
    CACHE 1
);


--
-- TOC entry 240 (class 1259 OID 17626)
-- Name: core_user; Type: TABLE; Schema: public; Owner: -
--

CREATE TABLE public.core_user (
    id bigint NOT NULL,
    password character varying(128) NOT NULL,
    last_login timestamp with time zone,
    is_superuser boolean NOT NULL,
    username character varying(150) NOT NULL,
    first_name character varying(150) NOT NULL,
    last_name character varying(150) NOT NULL,
    email character varying(254) NOT NULL,
    is_staff boolean NOT NULL,
    is_active boolean NOT NULL,
    date_joined timestamp with time zone NOT NULL,
    role character varying(20) NOT NULL,
    full_name character varying(100) NOT NULL,
    phone character varying(15) NOT NULL,
    cccd character varying(20),
    ca_lam_viec character varying(50),
    tram_xang_id bigint,
    avatar character varying(100)
);


--
-- TOC entry 242 (class 1259 OID 17649)
-- Name: core_user_groups; Type: TABLE; Schema: public; Owner: -
--

CREATE TABLE public.core_user_groups (
    id bigint NOT NULL,
    user_id bigint NOT NULL,
    group_id integer NOT NULL
);


--
-- TOC entry 241 (class 1259 OID 17648)
-- Name: core_user_groups_id_seq; Type: SEQUENCE; Schema: public; Owner: -
--

ALTER TABLE public.core_user_groups ALTER COLUMN id ADD GENERATED BY DEFAULT AS IDENTITY (
    SEQUENCE NAME public.core_user_groups_id_seq
    START WITH 1
    INCREMENT BY 1
    NO MINVALUE
    NO MAXVALUE
    CACHE 1
);


--
-- TOC entry 239 (class 1259 OID 17625)
-- Name: core_user_id_seq; Type: SEQUENCE; Schema: public; Owner: -
--

ALTER TABLE public.core_user ALTER COLUMN id ADD GENERATED BY DEFAULT AS IDENTITY (
    SEQUENCE NAME public.core_user_id_seq
    START WITH 1
    INCREMENT BY 1
    NO MINVALUE
    NO MAXVALUE
    CACHE 1
);


--
-- TOC entry 244 (class 1259 OID 17658)
-- Name: core_user_user_permissions; Type: TABLE; Schema: public; Owner: -
--

CREATE TABLE public.core_user_user_permissions (
    id bigint NOT NULL,
    user_id bigint NOT NULL,
    permission_id integer NOT NULL
);


--
-- TOC entry 243 (class 1259 OID 17657)
-- Name: core_user_user_permissions_id_seq; Type: SEQUENCE; Schema: public; Owner: -
--

ALTER TABLE public.core_user_user_permissions ALTER COLUMN id ADD GENERATED BY DEFAULT AS IDENTITY (
    SEQUENCE NAME public.core_user_user_permissions_id_seq
    START WITH 1
    INCREMENT BY 1
    NO MINVALUE
    NO MAXVALUE
    CACHE 1
);


--
-- TOC entry 256 (class 1259 OID 17823)
-- Name: core_yeucaunhaphang; Type: TABLE; Schema: public; Owner: -
--

CREATE TABLE public.core_yeucaunhaphang (
    id bigint NOT NULL,
    loai_nhien_lieu character varying(10) NOT NULL,
    so_luong double precision NOT NULL,
    thoi_gian timestamp with time zone NOT NULL,
    trang_thai character varying(20) NOT NULL,
    ghi_chu text,
    nguoi_yeu_cau_id bigint NOT NULL,
    tram_id bigint NOT NULL
);


--
-- TOC entry 255 (class 1259 OID 17822)
-- Name: core_yeucaunhaphang_id_seq; Type: SEQUENCE; Schema: public; Owner: -
--

ALTER TABLE public.core_yeucaunhaphang ALTER COLUMN id ADD GENERATED BY DEFAULT AS IDENTITY (
    SEQUENCE NAME public.core_yeucaunhaphang_id_seq
    START WITH 1
    INCREMENT BY 1
    NO MINVALUE
    NO MAXVALUE
    CACHE 1
);


--
-- TOC entry 254 (class 1259 OID 17789)
-- Name: django_admin_log; Type: TABLE; Schema: public; Owner: -
--

CREATE TABLE public.django_admin_log (
    id integer NOT NULL,
    action_time timestamp with time zone NOT NULL,
    object_id text,
    object_repr character varying(200) NOT NULL,
    action_flag smallint NOT NULL,
    change_message text NOT NULL,
    content_type_id integer,
    user_id bigint NOT NULL,
    CONSTRAINT django_admin_log_action_flag_check CHECK ((action_flag >= 0))
);


--
-- TOC entry 253 (class 1259 OID 17788)
-- Name: django_admin_log_id_seq; Type: SEQUENCE; Schema: public; Owner: -
--

ALTER TABLE public.django_admin_log ALTER COLUMN id ADD GENERATED BY DEFAULT AS IDENTITY (
    SEQUENCE NAME public.django_admin_log_id_seq
    START WITH 1
    INCREMENT BY 1
    NO MINVALUE
    NO MAXVALUE
    CACHE 1
);


--
-- TOC entry 222 (class 1259 OID 17501)
-- Name: django_content_type; Type: TABLE; Schema: public; Owner: -
--

CREATE TABLE public.django_content_type (
    id integer NOT NULL,
    app_label character varying(100) NOT NULL,
    model character varying(100) NOT NULL
);


--
-- TOC entry 221 (class 1259 OID 17500)
-- Name: django_content_type_id_seq; Type: SEQUENCE; Schema: public; Owner: -
--

ALTER TABLE public.django_content_type ALTER COLUMN id ADD GENERATED BY DEFAULT AS IDENTITY (
    SEQUENCE NAME public.django_content_type_id_seq
    START WITH 1
    INCREMENT BY 1
    NO MINVALUE
    NO MAXVALUE
    CACHE 1
);


--
-- TOC entry 220 (class 1259 OID 17489)
-- Name: django_migrations; Type: TABLE; Schema: public; Owner: -
--

CREATE TABLE public.django_migrations (
    id bigint NOT NULL,
    app character varying(255) NOT NULL,
    name character varying(255) NOT NULL,
    applied timestamp with time zone NOT NULL
);


--
-- TOC entry 219 (class 1259 OID 17488)
-- Name: django_migrations_id_seq; Type: SEQUENCE; Schema: public; Owner: -
--

ALTER TABLE public.django_migrations ALTER COLUMN id ADD GENERATED BY DEFAULT AS IDENTITY (
    SEQUENCE NAME public.django_migrations_id_seq
    START WITH 1
    INCREMENT BY 1
    NO MINVALUE
    NO MAXVALUE
    CACHE 1
);


--
-- TOC entry 259 (class 1259 OID 17862)
-- Name: django_session; Type: TABLE; Schema: public; Owner: -
--

CREATE TABLE public.django_session (
    session_key character varying(40) NOT NULL,
    session_data text NOT NULL,
    expire_date timestamp with time zone NOT NULL
);


--
-- TOC entry 277 (class 1259 OID 25972)
-- Name: django_site; Type: TABLE; Schema: public; Owner: -
--

CREATE TABLE public.django_site (
    id integer NOT NULL,
    domain character varying(100) NOT NULL,
    name character varying(50) NOT NULL
);


--
-- TOC entry 276 (class 1259 OID 25971)
-- Name: django_site_id_seq; Type: SEQUENCE; Schema: public; Owner: -
--

ALTER TABLE public.django_site ALTER COLUMN id ADD GENERATED BY DEFAULT AS IDENTITY (
    SEQUENCE NAME public.django_site_id_seq
    START WITH 1
    INCREMENT BY 1
    NO MINVALUE
    NO MAXVALUE
    CACHE 1
);


--
-- TOC entry 279 (class 1259 OID 25984)
-- Name: socialaccount_socialaccount; Type: TABLE; Schema: public; Owner: -
--

CREATE TABLE public.socialaccount_socialaccount (
    id integer NOT NULL,
    provider character varying(200) NOT NULL,
    uid character varying(191) NOT NULL,
    last_login timestamp with time zone NOT NULL,
    date_joined timestamp with time zone NOT NULL,
    extra_data jsonb NOT NULL,
    user_id bigint NOT NULL
);


--
-- TOC entry 278 (class 1259 OID 25983)
-- Name: socialaccount_socialaccount_id_seq; Type: SEQUENCE; Schema: public; Owner: -
--

ALTER TABLE public.socialaccount_socialaccount ALTER COLUMN id ADD GENERATED BY DEFAULT AS IDENTITY (
    SEQUENCE NAME public.socialaccount_socialaccount_id_seq
    START WITH 1
    INCREMENT BY 1
    NO MINVALUE
    NO MAXVALUE
    CACHE 1
);


--
-- TOC entry 281 (class 1259 OID 25999)
-- Name: socialaccount_socialapp; Type: TABLE; Schema: public; Owner: -
--

CREATE TABLE public.socialaccount_socialapp (
    id integer NOT NULL,
    provider character varying(30) NOT NULL,
    name character varying(40) NOT NULL,
    client_id character varying(191) NOT NULL,
    secret character varying(191) NOT NULL,
    key character varying(191) NOT NULL,
    provider_id character varying(200) NOT NULL,
    settings jsonb NOT NULL
);


--
-- TOC entry 280 (class 1259 OID 25998)
-- Name: socialaccount_socialapp_id_seq; Type: SEQUENCE; Schema: public; Owner: -
--

ALTER TABLE public.socialaccount_socialapp ALTER COLUMN id ADD GENERATED BY DEFAULT AS IDENTITY (
    SEQUENCE NAME public.socialaccount_socialapp_id_seq
    START WITH 1
    INCREMENT BY 1
    NO MINVALUE
    NO MAXVALUE
    CACHE 1
);


--
-- TOC entry 283 (class 1259 OID 26011)
-- Name: socialaccount_socialapp_sites; Type: TABLE; Schema: public; Owner: -
--

CREATE TABLE public.socialaccount_socialapp_sites (
    id bigint NOT NULL,
    socialapp_id integer NOT NULL,
    site_id integer NOT NULL
);


--
-- TOC entry 282 (class 1259 OID 26010)
-- Name: socialaccount_socialapp_sites_id_seq; Type: SEQUENCE; Schema: public; Owner: -
--

ALTER TABLE public.socialaccount_socialapp_sites ALTER COLUMN id ADD GENERATED BY DEFAULT AS IDENTITY (
    SEQUENCE NAME public.socialaccount_socialapp_sites_id_seq
    START WITH 1
    INCREMENT BY 1
    NO MINVALUE
    NO MAXVALUE
    CACHE 1
);


--
-- TOC entry 285 (class 1259 OID 26020)
-- Name: socialaccount_socialtoken; Type: TABLE; Schema: public; Owner: -
--

CREATE TABLE public.socialaccount_socialtoken (
    id integer NOT NULL,
    token text NOT NULL,
    token_secret text NOT NULL,
    expires_at timestamp with time zone,
    account_id integer NOT NULL,
    app_id integer
);


--
-- TOC entry 284 (class 1259 OID 26019)
-- Name: socialaccount_socialtoken_id_seq; Type: SEQUENCE; Schema: public; Owner: -
--

ALTER TABLE public.socialaccount_socialtoken ALTER COLUMN id ADD GENERATED BY DEFAULT AS IDENTITY (
    SEQUENCE NAME public.socialaccount_socialtoken_id_seq
    START WITH 1
    INCREMENT BY 1
    NO MINVALUE
    NO MAXVALUE
    CACHE 1
);


--
-- TOC entry 5399 (class 0 OID 25922)
-- Dependencies: 273
-- Data for Name: account_emailaddress; Type: TABLE DATA; Schema: public; Owner: -
--

INSERT INTO public.account_emailaddress VALUES (2, 'vusummer99@gmail.com', true, true, 11);


--
-- TOC entry 5401 (class 0 OID 25935)
-- Dependencies: 275
-- Data for Name: account_emailconfirmation; Type: TABLE DATA; Schema: public; Owner: -
--



--
-- TOC entry 5352 (class 0 OID 17523)
-- Dependencies: 226
-- Data for Name: auth_group; Type: TABLE DATA; Schema: public; Owner: -
--



--
-- TOC entry 5354 (class 0 OID 17533)
-- Dependencies: 228
-- Data for Name: auth_group_permissions; Type: TABLE DATA; Schema: public; Owner: -
--



--
-- TOC entry 5350 (class 0 OID 17513)
-- Dependencies: 224
-- Data for Name: auth_permission; Type: TABLE DATA; Schema: public; Owner: -
--

INSERT INTO public.auth_permission VALUES (1, 'Can add log entry', 1, 'add_logentry');
INSERT INTO public.auth_permission VALUES (2, 'Can change log entry', 1, 'change_logentry');
INSERT INTO public.auth_permission VALUES (3, 'Can delete log entry', 1, 'delete_logentry');
INSERT INTO public.auth_permission VALUES (4, 'Can view log entry', 1, 'view_logentry');
INSERT INTO public.auth_permission VALUES (5, 'Can add permission', 3, 'add_permission');
INSERT INTO public.auth_permission VALUES (6, 'Can change permission', 3, 'change_permission');
INSERT INTO public.auth_permission VALUES (7, 'Can delete permission', 3, 'delete_permission');
INSERT INTO public.auth_permission VALUES (8, 'Can view permission', 3, 'view_permission');
INSERT INTO public.auth_permission VALUES (9, 'Can add group', 2, 'add_group');
INSERT INTO public.auth_permission VALUES (10, 'Can change group', 2, 'change_group');
INSERT INTO public.auth_permission VALUES (11, 'Can delete group', 2, 'delete_group');
INSERT INTO public.auth_permission VALUES (12, 'Can view group', 2, 'view_group');
INSERT INTO public.auth_permission VALUES (13, 'Can add content type', 4, 'add_contenttype');
INSERT INTO public.auth_permission VALUES (14, 'Can change content type', 4, 'change_contenttype');
INSERT INTO public.auth_permission VALUES (15, 'Can delete content type', 4, 'delete_contenttype');
INSERT INTO public.auth_permission VALUES (16, 'Can view content type', 4, 'view_contenttype');
INSERT INTO public.auth_permission VALUES (17, 'Can add session', 5, 'add_session');
INSERT INTO public.auth_permission VALUES (18, 'Can change session', 5, 'change_session');
INSERT INTO public.auth_permission VALUES (19, 'Can delete session', 5, 'delete_session');
INSERT INTO public.auth_permission VALUES (20, 'Can view session', 5, 'view_session');
INSERT INTO public.auth_permission VALUES (21, 'Can add bon chua', 7, 'add_bonchua');
INSERT INTO public.auth_permission VALUES (22, 'Can change bon chua', 7, 'change_bonchua');
INSERT INTO public.auth_permission VALUES (23, 'Can delete bon chua', 7, 'delete_bonchua');
INSERT INTO public.auth_permission VALUES (24, 'Can view bon chua', 7, 'view_bonchua');
INSERT INTO public.auth_permission VALUES (25, 'Can add danh muc', 9, 'add_danhmuc');
INSERT INTO public.auth_permission VALUES (26, 'Can change danh muc', 9, 'change_danhmuc');
INSERT INTO public.auth_permission VALUES (27, 'Can delete danh muc', 9, 'delete_danhmuc');
INSERT INTO public.auth_permission VALUES (28, 'Can view danh muc', 9, 'view_danhmuc');
INSERT INTO public.auth_permission VALUES (29, 'Can add nha cung cap', 11, 'add_nhacungcap');
INSERT INTO public.auth_permission VALUES (30, 'Can change nha cung cap', 11, 'change_nhacungcap');
INSERT INTO public.auth_permission VALUES (31, 'Can delete nha cung cap', 11, 'delete_nhacungcap');
INSERT INTO public.auth_permission VALUES (32, 'Can view nha cung cap', 11, 'view_nhacungcap');
INSERT INTO public.auth_permission VALUES (33, 'Can add tin tuc', 14, 'add_tintuc');
INSERT INTO public.auth_permission VALUES (34, 'Can change tin tuc', 14, 'change_tintuc');
INSERT INTO public.auth_permission VALUES (35, 'Can delete tin tuc', 14, 'delete_tintuc');
INSERT INTO public.auth_permission VALUES (36, 'Can view tin tuc', 14, 'view_tintuc');
INSERT INTO public.auth_permission VALUES (37, 'Can add tram xang', 15, 'add_tramxang');
INSERT INTO public.auth_permission VALUES (38, 'Can change tram xang', 15, 'change_tramxang');
INSERT INTO public.auth_permission VALUES (39, 'Can delete tram xang', 15, 'delete_tramxang');
INSERT INTO public.auth_permission VALUES (40, 'Can view tram xang', 15, 'view_tramxang');
INSERT INTO public.auth_permission VALUES (41, 'Can add user', 16, 'add_user');
INSERT INTO public.auth_permission VALUES (42, 'Can change user', 16, 'change_user');
INSERT INTO public.auth_permission VALUES (43, 'Can delete user', 16, 'delete_user');
INSERT INTO public.auth_permission VALUES (44, 'Can view user', 16, 'view_user');
INSERT INTO public.auth_permission VALUES (45, 'Can add hoa don', 10, 'add_hoadon');
INSERT INTO public.auth_permission VALUES (46, 'Can change hoa don', 10, 'change_hoadon');
INSERT INTO public.auth_permission VALUES (47, 'Can delete hoa don', 10, 'delete_hoadon');
INSERT INTO public.auth_permission VALUES (48, 'Can view hoa don', 10, 'view_hoadon');
INSERT INTO public.auth_permission VALUES (49, 'Can add chi tiet hoa don', 8, 'add_chitiethoadon');
INSERT INTO public.auth_permission VALUES (50, 'Can change chi tiet hoa don', 8, 'change_chitiethoadon');
INSERT INTO public.auth_permission VALUES (51, 'Can delete chi tiet hoa don', 8, 'delete_chitiethoadon');
INSERT INTO public.auth_permission VALUES (52, 'Can view chi tiet hoa don', 8, 'view_chitiethoadon');
INSERT INTO public.auth_permission VALUES (53, 'Can add phieu nhap', 12, 'add_phieunhap');
INSERT INTO public.auth_permission VALUES (54, 'Can change phieu nhap', 12, 'change_phieunhap');
INSERT INTO public.auth_permission VALUES (55, 'Can delete phieu nhap', 12, 'delete_phieunhap');
INSERT INTO public.auth_permission VALUES (56, 'Can view phieu nhap', 12, 'view_phieunhap');
INSERT INTO public.auth_permission VALUES (57, 'Can add san pham', 13, 'add_sanpham');
INSERT INTO public.auth_permission VALUES (58, 'Can change san pham', 13, 'change_sanpham');
INSERT INTO public.auth_permission VALUES (59, 'Can delete san pham', 13, 'delete_sanpham');
INSERT INTO public.auth_permission VALUES (60, 'Can view san pham', 13, 'view_sanpham');
INSERT INTO public.auth_permission VALUES (61, 'Can add yeu cau nhap hang', 17, 'add_yeucaunhaphang');
INSERT INTO public.auth_permission VALUES (62, 'Can change yeu cau nhap hang', 17, 'change_yeucaunhaphang');
INSERT INTO public.auth_permission VALUES (63, 'Can delete yeu cau nhap hang', 17, 'delete_yeucaunhaphang');
INSERT INTO public.auth_permission VALUES (64, 'Can view yeu cau nhap hang', 17, 'view_yeucaunhaphang');
INSERT INTO public.auth_permission VALUES (65, 'Can add bang gia nhien lieu', 6, 'add_banggianhienlieu');
INSERT INTO public.auth_permission VALUES (66, 'Can change bang gia nhien lieu', 6, 'change_banggianhienlieu');
INSERT INTO public.auth_permission VALUES (67, 'Can delete bang gia nhien lieu', 6, 'delete_banggianhienlieu');
INSERT INTO public.auth_permission VALUES (68, 'Can view bang gia nhien lieu', 6, 'view_banggianhienlieu');
INSERT INTO public.auth_permission VALUES (69, 'Can add banner trang chu', 18, 'add_bannertrangchu');
INSERT INTO public.auth_permission VALUES (70, 'Can change banner trang chu', 18, 'change_bannertrangchu');
INSERT INTO public.auth_permission VALUES (71, 'Can delete banner trang chu', 18, 'delete_bannertrangchu');
INSERT INTO public.auth_permission VALUES (72, 'Can view banner trang chu', 18, 'view_bannertrangchu');
INSERT INTO public.auth_permission VALUES (73, 'Can add Yêu cầu Hợp tác', 19, 'add_doitacb2b');
INSERT INTO public.auth_permission VALUES (74, 'Can change Yêu cầu Hợp tác', 19, 'change_doitacb2b');
INSERT INTO public.auth_permission VALUES (75, 'Can delete Yêu cầu Hợp tác', 19, 'delete_doitacb2b');
INSERT INTO public.auth_permission VALUES (76, 'Can view Yêu cầu Hợp tác', 19, 'view_doitacb2b');
INSERT INTO public.auth_permission VALUES (77, 'Can add Hồ sơ Ứng viên', 20, 'add_hosoungvien');
INSERT INTO public.auth_permission VALUES (78, 'Can change Hồ sơ Ứng viên', 20, 'change_hosoungvien');
INSERT INTO public.auth_permission VALUES (79, 'Can delete Hồ sơ Ứng viên', 20, 'delete_hosoungvien');
INSERT INTO public.auth_permission VALUES (80, 'Can view Hồ sơ Ứng viên', 20, 'view_hosoungvien');
INSERT INTO public.auth_permission VALUES (81, 'Can add Liên hệ / Góp ý', 21, 'add_lienhegopy');
INSERT INTO public.auth_permission VALUES (82, 'Can change Liên hệ / Góp ý', 21, 'change_lienhegopy');
INSERT INTO public.auth_permission VALUES (83, 'Can delete Liên hệ / Góp ý', 21, 'delete_lienhegopy');
INSERT INTO public.auth_permission VALUES (84, 'Can view Liên hệ / Góp ý', 21, 'view_lienhegopy');
INSERT INTO public.auth_permission VALUES (85, 'Can add Danh mục Mart', 22, 'add_danhmucmart');
INSERT INTO public.auth_permission VALUES (86, 'Can change Danh mục Mart', 22, 'change_danhmucmart');
INSERT INTO public.auth_permission VALUES (87, 'Can delete Danh mục Mart', 22, 'delete_danhmucmart');
INSERT INTO public.auth_permission VALUES (88, 'Can view Danh mục Mart', 22, 'view_danhmucmart');
INSERT INTO public.auth_permission VALUES (89, 'Can add Sản phẩm Mart', 23, 'add_sanphammart');
INSERT INTO public.auth_permission VALUES (90, 'Can change Sản phẩm Mart', 23, 'change_sanphammart');
INSERT INTO public.auth_permission VALUES (91, 'Can delete Sản phẩm Mart', 23, 'delete_sanphammart');
INSERT INTO public.auth_permission VALUES (92, 'Can view Sản phẩm Mart', 23, 'view_sanphammart');
INSERT INTO public.auth_permission VALUES (93, 'Can add Đánh giá Sản phẩm', 24, 'add_danhgiasanpham');
INSERT INTO public.auth_permission VALUES (94, 'Can change Đánh giá Sản phẩm', 24, 'change_danhgiasanpham');
INSERT INTO public.auth_permission VALUES (95, 'Can delete Đánh giá Sản phẩm', 24, 'delete_danhgiasanpham');
INSERT INTO public.auth_permission VALUES (96, 'Can view Đánh giá Sản phẩm', 24, 'view_danhgiasanpham');
INSERT INTO public.auth_permission VALUES (97, 'Can add Sản phẩm & Dịch vụ', 26, 'add_sanphamdichvu');
INSERT INTO public.auth_permission VALUES (98, 'Can change Sản phẩm & Dịch vụ', 26, 'change_sanphamdichvu');
INSERT INTO public.auth_permission VALUES (99, 'Can delete Sản phẩm & Dịch vụ', 26, 'delete_sanphamdichvu');
INSERT INTO public.auth_permission VALUES (100, 'Can view Sản phẩm & Dịch vụ', 26, 'view_sanphamdichvu');
INSERT INTO public.auth_permission VALUES (101, 'Can add Danh mục SP & Dịch vụ', 25, 'add_danhmucdichvu');
INSERT INTO public.auth_permission VALUES (102, 'Can change Danh mục SP & Dịch vụ', 25, 'change_danhmucdichvu');
INSERT INTO public.auth_permission VALUES (103, 'Can delete Danh mục SP & Dịch vụ', 25, 'delete_danhmucdichvu');
INSERT INTO public.auth_permission VALUES (104, 'Can view Danh mục SP & Dịch vụ', 25, 'view_danhmucdichvu');
INSERT INTO public.auth_permission VALUES (105, 'Can add danh gia tram', 27, 'add_danhgiatram');
INSERT INTO public.auth_permission VALUES (106, 'Can change danh gia tram', 27, 'change_danhgiatram');
INSERT INTO public.auth_permission VALUES (107, 'Can delete danh gia tram', 27, 'delete_danhgiatram');
INSERT INTO public.auth_permission VALUES (108, 'Can view danh gia tram', 27, 'view_danhgiatram');
INSERT INTO public.auth_permission VALUES (109, 'Can add ca lam viec', 28, 'add_calamviec');
INSERT INTO public.auth_permission VALUES (110, 'Can change ca lam viec', 28, 'change_calamviec');
INSERT INTO public.auth_permission VALUES (111, 'Can delete ca lam viec', 28, 'delete_calamviec');
INSERT INTO public.auth_permission VALUES (112, 'Can view ca lam viec', 28, 'view_calamviec');
INSERT INTO public.auth_permission VALUES (113, 'Can add nop tien giua ca', 29, 'add_noptiengiuaca');
INSERT INTO public.auth_permission VALUES (114, 'Can change nop tien giua ca', 29, 'change_noptiengiuaca');
INSERT INTO public.auth_permission VALUES (115, 'Can delete nop tien giua ca', 29, 'delete_noptiengiuaca');
INSERT INTO public.auth_permission VALUES (116, 'Can view nop tien giua ca', 29, 'view_noptiengiuaca');
INSERT INTO public.auth_permission VALUES (117, 'Can add site', 30, 'add_site');
INSERT INTO public.auth_permission VALUES (118, 'Can change site', 30, 'change_site');
INSERT INTO public.auth_permission VALUES (119, 'Can delete site', 30, 'delete_site');
INSERT INTO public.auth_permission VALUES (120, 'Can view site', 30, 'view_site');
INSERT INTO public.auth_permission VALUES (121, 'Can add email address', 31, 'add_emailaddress');
INSERT INTO public.auth_permission VALUES (122, 'Can change email address', 31, 'change_emailaddress');
INSERT INTO public.auth_permission VALUES (123, 'Can delete email address', 31, 'delete_emailaddress');
INSERT INTO public.auth_permission VALUES (124, 'Can view email address', 31, 'view_emailaddress');
INSERT INTO public.auth_permission VALUES (125, 'Can add email confirmation', 32, 'add_emailconfirmation');
INSERT INTO public.auth_permission VALUES (126, 'Can change email confirmation', 32, 'change_emailconfirmation');
INSERT INTO public.auth_permission VALUES (127, 'Can delete email confirmation', 32, 'delete_emailconfirmation');
INSERT INTO public.auth_permission VALUES (128, 'Can view email confirmation', 32, 'view_emailconfirmation');
INSERT INTO public.auth_permission VALUES (129, 'Can add social account', 33, 'add_socialaccount');
INSERT INTO public.auth_permission VALUES (130, 'Can change social account', 33, 'change_socialaccount');
INSERT INTO public.auth_permission VALUES (131, 'Can delete social account', 33, 'delete_socialaccount');
INSERT INTO public.auth_permission VALUES (132, 'Can view social account', 33, 'view_socialaccount');
INSERT INTO public.auth_permission VALUES (133, 'Can add social application', 34, 'add_socialapp');
INSERT INTO public.auth_permission VALUES (134, 'Can change social application', 34, 'change_socialapp');
INSERT INTO public.auth_permission VALUES (135, 'Can delete social application', 34, 'delete_socialapp');
INSERT INTO public.auth_permission VALUES (136, 'Can view social application', 34, 'view_socialapp');
INSERT INTO public.auth_permission VALUES (137, 'Can add social application token', 35, 'add_socialtoken');
INSERT INTO public.auth_permission VALUES (138, 'Can change social application token', 35, 'change_socialtoken');
INSERT INTO public.auth_permission VALUES (139, 'Can delete social application token', 35, 'delete_socialtoken');
INSERT INTO public.auth_permission VALUES (140, 'Can view social application token', 35, 'view_socialtoken');


--
-- TOC entry 5384 (class 0 OID 17850)
-- Dependencies: 258
-- Data for Name: core_banggianhienlieu; Type: TABLE DATA; Schema: public; Owner: -
--

INSERT INTO public.core_banggianhienlieu VALUES (1, 'A95', 30000, '2026-04-16 15:46:29.322194+07');
INSERT INTO public.core_banggianhienlieu VALUES (2, 'E5', 23500, '2026-04-16 15:46:29.326282+07');
INSERT INTO public.core_banggianhienlieu VALUES (3, 'E10', 24000, '2026-04-16 15:46:29.328342+07');
INSERT INTO public.core_banggianhienlieu VALUES (4, 'DO', 21000, '2026-04-16 15:46:29.329898+07');


--
-- TOC entry 5356 (class 0 OID 17570)
-- Dependencies: 230
-- Data for Name: core_bonchua; Type: TABLE DATA; Schema: public; Owner: -
--

INSERT INTO public.core_bonchua VALUES (166, 'Bồn E10', 'E10', 10000, 0, 53, NULL);
INSERT INTO public.core_bonchua VALUES (215, 'Bồn E10 Mặc định', 'E10', 15000, 0, 51, NULL);
INSERT INTO public.core_bonchua VALUES (16, 'Bồn E5', 'E5', 10000, 9995.744680851063, 2, NULL);
INSERT INTO public.core_bonchua VALUES (18, 'Bồn DO', 'DO', 20000, 19593.238095238095, 2, NULL);
INSERT INTO public.core_bonchua VALUES (21, 'Bồn DO', 'DO', 20000, 19200, 3, NULL);
INSERT INTO public.core_bonchua VALUES (168, 'Bồn E10 Mặc định', 'E10', 15000, 0, 4, NULL);
INSERT INTO public.core_bonchua VALUES (216, 'Bồn A95 Mặc định', 'A95', 15000, 0, 54, NULL);
INSERT INTO public.core_bonchua VALUES (217, 'Bồn E5 Mặc định', 'E5', 10000, 0, 54, NULL);
INSERT INTO public.core_bonchua VALUES (218, 'Bồn DO Mặc định', 'DO', 20000, 0, 54, NULL);
INSERT INTO public.core_bonchua VALUES (219, 'Bồn E10', 'E10', 10000, 0, 54, NULL);
INSERT INTO public.core_bonchua VALUES (91, 'Bồn A95', 'A95', 15000, 15000, 27, NULL);
INSERT INTO public.core_bonchua VALUES (92, 'Bồn E5', 'E5', 10000, 10000, 27, NULL);
INSERT INTO public.core_bonchua VALUES (93, 'Bồn DO', 'DO', 20000, 20000, 27, NULL);
INSERT INTO public.core_bonchua VALUES (196, 'Bồn E10 Mặc định', 'E10', 15000, 0, 32, NULL);
INSERT INTO public.core_bonchua VALUES (12, 'Bồn A95', 'A95', 15000, 14994.117647058823, 53, NULL);
INSERT INTO public.core_bonchua VALUES (197, 'Bồn E10 Mặc định', 'E10', 15000, 0, 33, NULL);
INSERT INTO public.core_bonchua VALUES (198, 'Bồn E10 Mặc định', 'E10', 15000, 0, 34, NULL);
INSERT INTO public.core_bonchua VALUES (199, 'Bồn E10 Mặc định', 'E10', 15000, 0, 35, NULL);
INSERT INTO public.core_bonchua VALUES (8, 'Bồn DO', 'DO', 20000, 19976.190476190477, 52, NULL);
INSERT INTO public.core_bonchua VALUES (13, 'Bồn E5', 'E5', 10000, 9995.744680851063, 53, NULL);
INSERT INTO public.core_bonchua VALUES (5, 'Bồn A95', 'A95', 15000, 14988.235294117647, 52, NULL);
INSERT INTO public.core_bonchua VALUES (6, 'Bồn E5', 'E5', 10000, 9987.234042553191, 52, NULL);
INSERT INTO public.core_bonchua VALUES (167, 'Bồn E10 Mặc định', 'E10', 15000, 0, 3, NULL);
INSERT INTO public.core_bonchua VALUES (169, 'Bồn E10 Mặc định', 'E10', 15000, 0, 5, NULL);
INSERT INTO public.core_bonchua VALUES (170, 'Bồn E10 Mặc định', 'E10', 15000, 0, 6, NULL);
INSERT INTO public.core_bonchua VALUES (171, 'Bồn E10 Mặc định', 'E10', 15000, 0, 7, NULL);
INSERT INTO public.core_bonchua VALUES (172, 'Bồn E10 Mặc định', 'E10', 15000, 0, 8, NULL);
INSERT INTO public.core_bonchua VALUES (173, 'Bồn E10 Mặc định', 'E10', 15000, 0, 9, NULL);
INSERT INTO public.core_bonchua VALUES (174, 'Bồn E10 Mặc định', 'E10', 15000, 0, 10, NULL);
INSERT INTO public.core_bonchua VALUES (175, 'Bồn E10 Mặc định', 'E10', 15000, 0, 11, NULL);
INSERT INTO public.core_bonchua VALUES (176, 'Bồn E10 Mặc định', 'E10', 15000, 0, 12, NULL);
INSERT INTO public.core_bonchua VALUES (177, 'Bồn E10 Mặc định', 'E10', 15000, 0, 13, NULL);
INSERT INTO public.core_bonchua VALUES (178, 'Bồn E10 Mặc định', 'E10', 15000, 0, 14, NULL);
INSERT INTO public.core_bonchua VALUES (179, 'Bồn E10 Mặc định', 'E10', 15000, 0, 15, NULL);
INSERT INTO public.core_bonchua VALUES (180, 'Bồn E10 Mặc định', 'E10', 15000, 0, 16, NULL);
INSERT INTO public.core_bonchua VALUES (181, 'Bồn E10 Mặc định', 'E10', 15000, 0, 17, NULL);
INSERT INTO public.core_bonchua VALUES (182, 'Bồn E10 Mặc định', 'E10', 15000, 0, 18, NULL);
INSERT INTO public.core_bonchua VALUES (183, 'Bồn E10 Mặc định', 'E10', 15000, 0, 19, NULL);
INSERT INTO public.core_bonchua VALUES (184, 'Bồn E10 Mặc định', 'E10', 15000, 0, 20, NULL);
INSERT INTO public.core_bonchua VALUES (185, 'Bồn E10 Mặc định', 'E10', 15000, 0, 21, NULL);
INSERT INTO public.core_bonchua VALUES (186, 'Bồn E10 Mặc định', 'E10', 15000, 0, 22, NULL);
INSERT INTO public.core_bonchua VALUES (187, 'Bồn E10 Mặc định', 'E10', 15000, 0, 23, NULL);
INSERT INTO public.core_bonchua VALUES (188, 'Bồn E10 Mặc định', 'E10', 15000, 0, 24, NULL);
INSERT INTO public.core_bonchua VALUES (189, 'Bồn E10 Mặc định', 'E10', 15000, 0, 25, NULL);
INSERT INTO public.core_bonchua VALUES (190, 'Bồn E10 Mặc định', 'E10', 15000, 0, 26, NULL);
INSERT INTO public.core_bonchua VALUES (191, 'Bồn E10 Mặc định', 'E10', 15000, 0, 27, NULL);
INSERT INTO public.core_bonchua VALUES (192, 'Bồn E10 Mặc định', 'E10', 15000, 0, 28, NULL);
INSERT INTO public.core_bonchua VALUES (193, 'Bồn E10 Mặc định', 'E10', 15000, 0, 29, NULL);
INSERT INTO public.core_bonchua VALUES (194, 'Bồn E10 Mặc định', 'E10', 15000, 0, 30, NULL);
INSERT INTO public.core_bonchua VALUES (195, 'Bồn E10 Mặc định', 'E10', 15000, 0, 31, NULL);
INSERT INTO public.core_bonchua VALUES (200, 'Bồn E10 Mặc định', 'E10', 15000, 0, 36, NULL);
INSERT INTO public.core_bonchua VALUES (201, 'Bồn E10 Mặc định', 'E10', 15000, 0, 37, NULL);
INSERT INTO public.core_bonchua VALUES (202, 'Bồn E10 Mặc định', 'E10', 15000, 0, 38, NULL);
INSERT INTO public.core_bonchua VALUES (203, 'Bồn E10 Mặc định', 'E10', 15000, 0, 39, NULL);
INSERT INTO public.core_bonchua VALUES (204, 'Bồn E10 Mặc định', 'E10', 15000, 0, 40, NULL);
INSERT INTO public.core_bonchua VALUES (205, 'Bồn E10 Mặc định', 'E10', 15000, 0, 41, NULL);
INSERT INTO public.core_bonchua VALUES (206, 'Bồn E10 Mặc định', 'E10', 15000, 0, 42, NULL);
INSERT INTO public.core_bonchua VALUES (207, 'Bồn E10 Mặc định', 'E10', 15000, 0, 43, NULL);
INSERT INTO public.core_bonchua VALUES (208, 'Bồn E10 Mặc định', 'E10', 15000, 0, 44, NULL);
INSERT INTO public.core_bonchua VALUES (209, 'Bồn E10 Mặc định', 'E10', 15000, 0, 45, NULL);
INSERT INTO public.core_bonchua VALUES (210, 'Bồn E10 Mặc định', 'E10', 15000, 0, 46, NULL);
INSERT INTO public.core_bonchua VALUES (211, 'Bồn E10 Mặc định', 'E10', 15000, 0, 47, NULL);
INSERT INTO public.core_bonchua VALUES (15, 'Bồn A95', 'A95', 15000, 14800, 2, NULL);
INSERT INTO public.core_bonchua VALUES (17, 'Bồn E10', 'E10', 10000, 9995.833333333334, 2, NULL);
INSERT INTO public.core_bonchua VALUES (94, 'Bồn A95', 'A95', 15000, 15000, 28, NULL);
INSERT INTO public.core_bonchua VALUES (95, 'Bồn E5', 'E5', 10000, 10000, 28, NULL);
INSERT INTO public.core_bonchua VALUES (96, 'Bồn DO', 'DO', 20000, 20000, 28, NULL);
INSERT INTO public.core_bonchua VALUES (97, 'Bồn A95', 'A95', 15000, 15000, 29, NULL);
INSERT INTO public.core_bonchua VALUES (14, 'Bồn DO', 'DO', 20000, 20000, 53, NULL);
INSERT INTO public.core_bonchua VALUES (19, 'Bồn A95', 'A95', 15000, 15000, 3, NULL);
INSERT INTO public.core_bonchua VALUES (20, 'Bồn E5', 'E5', 10000, 10000, 3, NULL);
INSERT INTO public.core_bonchua VALUES (22, 'Bồn A95', 'A95', 15000, 15000, 4, NULL);
INSERT INTO public.core_bonchua VALUES (23, 'Bồn E5', 'E5', 10000, 10000, 4, NULL);
INSERT INTO public.core_bonchua VALUES (24, 'Bồn DO', 'DO', 20000, 20000, 4, NULL);
INSERT INTO public.core_bonchua VALUES (25, 'Bồn A95', 'A95', 15000, 15000, 5, NULL);
INSERT INTO public.core_bonchua VALUES (26, 'Bồn E5', 'E5', 10000, 10000, 5, NULL);
INSERT INTO public.core_bonchua VALUES (27, 'Bồn DO', 'DO', 20000, 20000, 5, NULL);
INSERT INTO public.core_bonchua VALUES (28, 'Bồn A95', 'A95', 15000, 15000, 6, NULL);
INSERT INTO public.core_bonchua VALUES (29, 'Bồn E5', 'E5', 10000, 10000, 6, NULL);
INSERT INTO public.core_bonchua VALUES (30, 'Bồn DO', 'DO', 20000, 20000, 6, NULL);
INSERT INTO public.core_bonchua VALUES (31, 'Bồn A95', 'A95', 15000, 15000, 7, NULL);
INSERT INTO public.core_bonchua VALUES (32, 'Bồn E5', 'E5', 10000, 10000, 7, NULL);
INSERT INTO public.core_bonchua VALUES (33, 'Bồn DO', 'DO', 20000, 20000, 7, NULL);
INSERT INTO public.core_bonchua VALUES (34, 'Bồn A95', 'A95', 15000, 15000, 8, NULL);
INSERT INTO public.core_bonchua VALUES (35, 'Bồn E5', 'E5', 10000, 10000, 8, NULL);
INSERT INTO public.core_bonchua VALUES (36, 'Bồn DO', 'DO', 20000, 20000, 8, NULL);
INSERT INTO public.core_bonchua VALUES (37, 'Bồn A95', 'A95', 15000, 15000, 9, NULL);
INSERT INTO public.core_bonchua VALUES (38, 'Bồn E5', 'E5', 10000, 10000, 9, NULL);
INSERT INTO public.core_bonchua VALUES (39, 'Bồn DO', 'DO', 20000, 20000, 9, NULL);
INSERT INTO public.core_bonchua VALUES (40, 'Bồn A95', 'A95', 15000, 15000, 10, NULL);
INSERT INTO public.core_bonchua VALUES (41, 'Bồn E5', 'E5', 10000, 10000, 10, NULL);
INSERT INTO public.core_bonchua VALUES (42, 'Bồn DO', 'DO', 20000, 20000, 10, NULL);
INSERT INTO public.core_bonchua VALUES (43, 'Bồn A95', 'A95', 15000, 15000, 11, NULL);
INSERT INTO public.core_bonchua VALUES (44, 'Bồn E5', 'E5', 10000, 10000, 11, NULL);
INSERT INTO public.core_bonchua VALUES (45, 'Bồn DO', 'DO', 20000, 20000, 11, NULL);
INSERT INTO public.core_bonchua VALUES (46, 'Bồn A95', 'A95', 15000, 15000, 12, NULL);
INSERT INTO public.core_bonchua VALUES (47, 'Bồn E5', 'E5', 10000, 10000, 12, NULL);
INSERT INTO public.core_bonchua VALUES (48, 'Bồn DO', 'DO', 20000, 20000, 12, NULL);
INSERT INTO public.core_bonchua VALUES (49, 'Bồn A95', 'A95', 15000, 15000, 13, NULL);
INSERT INTO public.core_bonchua VALUES (50, 'Bồn E5', 'E5', 10000, 10000, 13, NULL);
INSERT INTO public.core_bonchua VALUES (51, 'Bồn DO', 'DO', 20000, 20000, 13, NULL);
INSERT INTO public.core_bonchua VALUES (52, 'Bồn A95', 'A95', 15000, 15000, 14, NULL);
INSERT INTO public.core_bonchua VALUES (53, 'Bồn E5', 'E5', 10000, 10000, 14, NULL);
INSERT INTO public.core_bonchua VALUES (54, 'Bồn DO', 'DO', 20000, 20000, 14, NULL);
INSERT INTO public.core_bonchua VALUES (56, 'Bồn E5', 'E5', 10000, 10000, 15, NULL);
INSERT INTO public.core_bonchua VALUES (57, 'Bồn DO', 'DO', 20000, 20000, 15, NULL);
INSERT INTO public.core_bonchua VALUES (58, 'Bồn A95', 'A95', 15000, 15000, 16, NULL);
INSERT INTO public.core_bonchua VALUES (59, 'Bồn E5', 'E5', 10000, 10000, 16, NULL);
INSERT INTO public.core_bonchua VALUES (60, 'Bồn DO', 'DO', 20000, 20000, 16, NULL);
INSERT INTO public.core_bonchua VALUES (61, 'Bồn A95', 'A95', 15000, 15000, 17, NULL);
INSERT INTO public.core_bonchua VALUES (63, 'Bồn DO', 'DO', 20000, 20000, 17, NULL);
INSERT INTO public.core_bonchua VALUES (64, 'Bồn A95', 'A95', 15000, 15000, 18, NULL);
INSERT INTO public.core_bonchua VALUES (65, 'Bồn E5', 'E5', 10000, 10000, 18, NULL);
INSERT INTO public.core_bonchua VALUES (66, 'Bồn DO', 'DO', 20000, 20000, 18, NULL);
INSERT INTO public.core_bonchua VALUES (68, 'Bồn E5', 'E5', 10000, 10000, 19, NULL);
INSERT INTO public.core_bonchua VALUES (69, 'Bồn DO', 'DO', 20000, 20000, 19, NULL);
INSERT INTO public.core_bonchua VALUES (70, 'Bồn A95', 'A95', 15000, 15000, 20, NULL);
INSERT INTO public.core_bonchua VALUES (72, 'Bồn DO', 'DO', 20000, 20000, 20, NULL);
INSERT INTO public.core_bonchua VALUES (73, 'Bồn A95', 'A95', 15000, 15000, 21, NULL);
INSERT INTO public.core_bonchua VALUES (74, 'Bồn E5', 'E5', 10000, 10000, 21, NULL);
INSERT INTO public.core_bonchua VALUES (75, 'Bồn DO', 'DO', 20000, 20000, 21, NULL);
INSERT INTO public.core_bonchua VALUES (76, 'Bồn A95', 'A95', 15000, 15000, 22, NULL);
INSERT INTO public.core_bonchua VALUES (77, 'Bồn E5', 'E5', 10000, 10000, 22, NULL);
INSERT INTO public.core_bonchua VALUES (78, 'Bồn DO', 'DO', 20000, 20000, 22, NULL);
INSERT INTO public.core_bonchua VALUES (79, 'Bồn A95', 'A95', 15000, 15000, 23, NULL);
INSERT INTO public.core_bonchua VALUES (80, 'Bồn E5', 'E5', 10000, 10000, 23, NULL);
INSERT INTO public.core_bonchua VALUES (81, 'Bồn DO', 'DO', 20000, 20000, 23, NULL);
INSERT INTO public.core_bonchua VALUES (82, 'Bồn A95', 'A95', 15000, 15000, 24, NULL);
INSERT INTO public.core_bonchua VALUES (83, 'Bồn E5', 'E5', 10000, 10000, 24, NULL);
INSERT INTO public.core_bonchua VALUES (84, 'Bồn DO', 'DO', 20000, 20000, 24, NULL);
INSERT INTO public.core_bonchua VALUES (85, 'Bồn A95', 'A95', 15000, 15000, 25, NULL);
INSERT INTO public.core_bonchua VALUES (86, 'Bồn E5', 'E5', 10000, 10000, 25, NULL);
INSERT INTO public.core_bonchua VALUES (87, 'Bồn DO', 'DO', 20000, 20000, 25, NULL);
INSERT INTO public.core_bonchua VALUES (88, 'Bồn A95', 'A95', 15000, 15000, 26, NULL);
INSERT INTO public.core_bonchua VALUES (89, 'Bồn E5', 'E5', 10000, 10000, 26, NULL);
INSERT INTO public.core_bonchua VALUES (90, 'Bồn DO', 'DO', 20000, 20000, 26, NULL);
INSERT INTO public.core_bonchua VALUES (98, 'Bồn E5', 'E5', 10000, 10000, 29, NULL);
INSERT INTO public.core_bonchua VALUES (99, 'Bồn DO', 'DO', 20000, 20000, 29, NULL);
INSERT INTO public.core_bonchua VALUES (100, 'Bồn A95', 'A95', 15000, 15000, 30, NULL);
INSERT INTO public.core_bonchua VALUES (101, 'Bồn E5', 'E5', 10000, 10000, 30, NULL);
INSERT INTO public.core_bonchua VALUES (102, 'Bồn DO', 'DO', 20000, 20000, 30, NULL);
INSERT INTO public.core_bonchua VALUES (103, 'Bồn A95', 'A95', 15000, 15000, 31, NULL);
INSERT INTO public.core_bonchua VALUES (104, 'Bồn E5', 'E5', 10000, 10000, 31, NULL);
INSERT INTO public.core_bonchua VALUES (105, 'Bồn DO', 'DO', 20000, 20000, 31, NULL);
INSERT INTO public.core_bonchua VALUES (106, 'Bồn A95', 'A95', 15000, 15000, 32, NULL);
INSERT INTO public.core_bonchua VALUES (107, 'Bồn E5', 'E5', 10000, 10000, 32, NULL);
INSERT INTO public.core_bonchua VALUES (108, 'Bồn DO', 'DO', 20000, 20000, 32, NULL);
INSERT INTO public.core_bonchua VALUES (109, 'Bồn A95', 'A95', 15000, 15000, 33, NULL);
INSERT INTO public.core_bonchua VALUES (110, 'Bồn E5', 'E5', 10000, 10000, 33, NULL);
INSERT INTO public.core_bonchua VALUES (111, 'Bồn DO', 'DO', 20000, 20000, 33, NULL);
INSERT INTO public.core_bonchua VALUES (112, 'Bồn A95', 'A95', 15000, 15000, 34, NULL);
INSERT INTO public.core_bonchua VALUES (113, 'Bồn E5', 'E5', 10000, 10000, 34, NULL);
INSERT INTO public.core_bonchua VALUES (114, 'Bồn DO', 'DO', 20000, 20000, 34, NULL);
INSERT INTO public.core_bonchua VALUES (67, 'Bồn A95', 'A95', 15000, 15000, 19, NULL);
INSERT INTO public.core_bonchua VALUES (115, 'Bồn A95', 'A95', 15000, 15000, 35, NULL);
INSERT INTO public.core_bonchua VALUES (116, 'Bồn E5', 'E5', 10000, 10000, 35, NULL);
INSERT INTO public.core_bonchua VALUES (117, 'Bồn DO', 'DO', 20000, 20000, 35, NULL);
INSERT INTO public.core_bonchua VALUES (118, 'Bồn A95', 'A95', 15000, 15000, 36, NULL);
INSERT INTO public.core_bonchua VALUES (119, 'Bồn E5', 'E5', 10000, 10000, 36, NULL);
INSERT INTO public.core_bonchua VALUES (120, 'Bồn DO', 'DO', 20000, 20000, 36, NULL);
INSERT INTO public.core_bonchua VALUES (121, 'Bồn A95', 'A95', 15000, 15000, 37, NULL);
INSERT INTO public.core_bonchua VALUES (122, 'Bồn E5', 'E5', 10000, 10000, 37, NULL);
INSERT INTO public.core_bonchua VALUES (123, 'Bồn DO', 'DO', 20000, 20000, 37, NULL);
INSERT INTO public.core_bonchua VALUES (124, 'Bồn A95', 'A95', 15000, 15000, 38, NULL);
INSERT INTO public.core_bonchua VALUES (125, 'Bồn E5', 'E5', 10000, 10000, 38, NULL);
INSERT INTO public.core_bonchua VALUES (126, 'Bồn DO', 'DO', 20000, 20000, 38, NULL);
INSERT INTO public.core_bonchua VALUES (127, 'Bồn A95', 'A95', 15000, 15000, 39, NULL);
INSERT INTO public.core_bonchua VALUES (128, 'Bồn E5', 'E5', 10000, 10000, 39, NULL);
INSERT INTO public.core_bonchua VALUES (129, 'Bồn DO', 'DO', 20000, 20000, 39, NULL);
INSERT INTO public.core_bonchua VALUES (130, 'Bồn A95', 'A95', 15000, 15000, 40, NULL);
INSERT INTO public.core_bonchua VALUES (131, 'Bồn E5', 'E5', 10000, 10000, 40, NULL);
INSERT INTO public.core_bonchua VALUES (132, 'Bồn DO', 'DO', 20000, 20000, 40, NULL);
INSERT INTO public.core_bonchua VALUES (133, 'Bồn A95', 'A95', 15000, 15000, 41, NULL);
INSERT INTO public.core_bonchua VALUES (134, 'Bồn E5', 'E5', 10000, 10000, 41, NULL);
INSERT INTO public.core_bonchua VALUES (135, 'Bồn DO', 'DO', 20000, 20000, 41, NULL);
INSERT INTO public.core_bonchua VALUES (136, 'Bồn A95', 'A95', 15000, 15000, 42, NULL);
INSERT INTO public.core_bonchua VALUES (137, 'Bồn E5', 'E5', 10000, 10000, 42, NULL);
INSERT INTO public.core_bonchua VALUES (138, 'Bồn DO', 'DO', 20000, 20000, 42, NULL);
INSERT INTO public.core_bonchua VALUES (139, 'Bồn A95', 'A95', 15000, 15000, 43, NULL);
INSERT INTO public.core_bonchua VALUES (140, 'Bồn E5', 'E5', 10000, 10000, 43, NULL);
INSERT INTO public.core_bonchua VALUES (141, 'Bồn DO', 'DO', 20000, 20000, 43, NULL);
INSERT INTO public.core_bonchua VALUES (142, 'Bồn A95', 'A95', 15000, 15000, 44, NULL);
INSERT INTO public.core_bonchua VALUES (143, 'Bồn E5', 'E5', 10000, 10000, 44, NULL);
INSERT INTO public.core_bonchua VALUES (144, 'Bồn DO', 'DO', 20000, 20000, 44, NULL);
INSERT INTO public.core_bonchua VALUES (145, 'Bồn A95', 'A95', 15000, 15000, 45, NULL);
INSERT INTO public.core_bonchua VALUES (146, 'Bồn E5', 'E5', 10000, 10000, 45, NULL);
INSERT INTO public.core_bonchua VALUES (147, 'Bồn DO', 'DO', 20000, 20000, 45, NULL);
INSERT INTO public.core_bonchua VALUES (148, 'Bồn A95', 'A95', 15000, 15000, 46, NULL);
INSERT INTO public.core_bonchua VALUES (149, 'Bồn E5', 'E5', 10000, 10000, 46, NULL);
INSERT INTO public.core_bonchua VALUES (150, 'Bồn DO', 'DO', 20000, 20000, 46, NULL);
INSERT INTO public.core_bonchua VALUES (151, 'Bồn A95', 'A95', 15000, 15000, 47, NULL);
INSERT INTO public.core_bonchua VALUES (152, 'Bồn E5', 'E5', 10000, 10000, 47, NULL);
INSERT INTO public.core_bonchua VALUES (153, 'Bồn DO', 'DO', 20000, 20000, 47, NULL);
INSERT INTO public.core_bonchua VALUES (154, 'Bồn A95', 'A95', 15000, 15000, 48, NULL);
INSERT INTO public.core_bonchua VALUES (155, 'Bồn E5', 'E5', 10000, 10000, 48, NULL);
INSERT INTO public.core_bonchua VALUES (156, 'Bồn DO', 'DO', 20000, 20000, 48, NULL);
INSERT INTO public.core_bonchua VALUES (157, 'Bồn A95', 'A95', 15000, 15000, 49, NULL);
INSERT INTO public.core_bonchua VALUES (158, 'Bồn E5', 'E5', 10000, 10000, 49, NULL);
INSERT INTO public.core_bonchua VALUES (159, 'Bồn DO', 'DO', 20000, 20000, 49, NULL);
INSERT INTO public.core_bonchua VALUES (160, 'Bồn A95', 'A95', 15000, 15000, 50, NULL);
INSERT INTO public.core_bonchua VALUES (161, 'Bồn E5', 'E5', 10000, 10000, 50, NULL);
INSERT INTO public.core_bonchua VALUES (162, 'Bồn DO', 'DO', 20000, 20000, 50, NULL);
INSERT INTO public.core_bonchua VALUES (163, 'Bồn A95', 'A95', 15000, 15000, 51, NULL);
INSERT INTO public.core_bonchua VALUES (164, 'Bồn E5', 'E5', 10000, 10000, 51, NULL);
INSERT INTO public.core_bonchua VALUES (165, 'Bồn DO', 'DO', 20000, 20000, 51, NULL);
INSERT INTO public.core_bonchua VALUES (55, 'Bồn A95', 'A95', 15000, 15000, 15, NULL);
INSERT INTO public.core_bonchua VALUES (62, 'Bồn E5', 'E5', 10000, 10000, 17, NULL);
INSERT INTO public.core_bonchua VALUES (71, 'Bồn E5', 'E5', 10000, 10000, 20, NULL);
INSERT INTO public.core_bonchua VALUES (7, 'Bồn E10', 'E10', 10000, 9997.916666666666, 52, NULL);
INSERT INTO public.core_bonchua VALUES (212, 'Bồn E10 Mặc định', 'E10', 15000, 0, 48, NULL);
INSERT INTO public.core_bonchua VALUES (213, 'Bồn E10 Mặc định', 'E10', 15000, 0, 49, NULL);
INSERT INTO public.core_bonchua VALUES (214, 'Bồn E10 Mặc định', 'E10', 15000, 0, 50, NULL);


--
-- TOC entry 5395 (class 0 OID 25871)
-- Dependencies: 269
-- Data for Name: core_calamviec; Type: TABLE DATA; Schema: public; Owner: -
--

INSERT INTO public.core_calamviec VALUES (4, '2026-04-16 10:43:47.037937+07', NULL, 0, 0, 'dang_mo', 6, 52, 0, 0);
INSERT INTO public.core_calamviec VALUES (1, '2026-04-16 09:52:10.37146+07', NULL, 1000000, 1000, 'cho_duyet', 9, 53, 0, 0);
INSERT INTO public.core_calamviec VALUES (2, '2026-04-16 09:52:43.539512+07', '2026-04-16 11:39:21.906908+07', 1000000, 1000, 'cho_duyet', 9, 53, 0, 0);
INSERT INTO public.core_calamviec VALUES (3, '2026-04-16 10:09:36.898178+07', '2026-04-16 13:03:10.702467+07', 111111, 1111, 'cho_duyet', 7, 52, 12.432206925323321, 300000);
INSERT INTO public.core_calamviec VALUES (5, '2026-04-16 15:07:36.283422+07', NULL, 0, 0, 'dang_mo', 9, 53, 0, 0);
INSERT INTO public.core_calamviec VALUES (6, '2026-04-16 15:23:23.429079+07', '2026-04-16 15:40:03.899025+07', 0, 0, 'cho_duyet', 5, 2, 0, 0);
INSERT INTO public.core_calamviec VALUES (7, '2026-04-16 15:45:06.702211+07', NULL, 0, 0, 'dang_mo', 5, 2, 0, 0);
INSERT INTO public.core_calamviec VALUES (8, '2026-04-30 00:35:25.61355+07', NULL, 0, 0, 'da_chot', 4, 2, 0, 0);
INSERT INTO public.core_calamviec VALUES (9, '2026-04-30 00:35:25.670615+07', NULL, 0, 0, 'da_chot', 12, 3, 0, 0);
INSERT INTO public.core_calamviec VALUES (10, '2026-04-30 00:35:25.679315+07', NULL, 0, 0, 'da_chot', 13, 4, 0, 0);


--
-- TOC entry 5374 (class 0 OID 17680)
-- Dependencies: 248
-- Data for Name: core_chitiethoadon; Type: TABLE DATA; Schema: public; Owner: -
--

INSERT INTO public.core_chitiethoadon VALUES (1, 'Nhiên liệu A95', 1, 20000, 20000, 1);
INSERT INTO public.core_chitiethoadon VALUES (2, 'Nhiên liệu A95', 1, 20000, 20000, 2);
INSERT INTO public.core_chitiethoadon VALUES (3, 'Nhiên liệu A95', 1.9607843137254901, 25500, 50000, 3);
INSERT INTO public.core_chitiethoadon VALUES (4, 'Nhiên liệu A95', 3.9215686274509802, 25500, 100000, 4);
INSERT INTO public.core_chitiethoadon VALUES (5, 'Nhiên liệu A95', 3.9215686274509802, 25500, 100000, 5);
INSERT INTO public.core_chitiethoadon VALUES (6, 'Nhiên liệu E10', 2.0833333333333335, 24000, 50000, 6);
INSERT INTO public.core_chitiethoadon VALUES (7, 'Nhiên liệu A95', 3.9215686274509802, 25500, 100000, 7);
INSERT INTO public.core_chitiethoadon VALUES (8, 'Nhiên liệu E5', 4.25531914893617, 23500, 100000, 8);
INSERT INTO public.core_chitiethoadon VALUES (9, 'Nhiên liệu DO', 23.80952380952381, 21000, 500000, 9);
INSERT INTO public.core_chitiethoadon VALUES (10, 'Nhiên liệu E5', 4.25531914893617, 23500, 100000, 10);
INSERT INTO public.core_chitiethoadon VALUES (11, 'Nhiên liệu A95', 3.9215686274509802, 25500, 100000, 11);
INSERT INTO public.core_chitiethoadon VALUES (12, 'Nhiên liệu E5', 8.51063829787234, 23500, 200000, 12);
INSERT INTO public.core_chitiethoadon VALUES (13, 'Nhiên liệu A95', 50, 24000, 1200000, 13);
INSERT INTO public.core_chitiethoadon VALUES (14, 'Nhiên liệu DO', 100.5, 20000, 2010000, 14);
INSERT INTO public.core_chitiethoadon VALUES (15, 'Nhiên liệu A95', 50, 24000, 1200000, 15);
INSERT INTO public.core_chitiethoadon VALUES (16, 'Nhiên liệu DO', 100.5, 20000, 2010000, 16);
INSERT INTO public.core_chitiethoadon VALUES (17, 'Nhiên liệu E5', 4.25531914893617, 23500, 100000, 17);
INSERT INTO public.core_chitiethoadon VALUES (18, 'Nhiên liệu A95', 50, 24000, 1200000, 18);
INSERT INTO public.core_chitiethoadon VALUES (19, 'Nhiên liệu DO', 100.5, 20000, 2010000, 19);
INSERT INTO public.core_chitiethoadon VALUES (20, 'Nhiên liệu DO', 4.761904761904762, 21000, 100000, 20);
INSERT INTO public.core_chitiethoadon VALUES (21, 'Nhiên liệu E10', 4.166666666666667, 24000, 100000, 21);
INSERT INTO public.core_chitiethoadon VALUES (24, 'Nhiên liệu A95', 50, 24000, 1200000, 24);
INSERT INTO public.core_chitiethoadon VALUES (25, 'Nhiên liệu DO', 100.5, 22885.572139303484, 2300000, 25);
INSERT INTO public.core_chitiethoadon VALUES (26, 'Nhiên liệu DO', 200, 20000, 4000000, 26);
INSERT INTO public.core_chitiethoadon VALUES (27, 'Nhiên liệu E10', 30, 23333.333333333332, 700000, 27);
INSERT INTO public.core_chitiethoadon VALUES (28, 'Nhiên liệu A95', 50, 24000, 1200000, 28);
INSERT INTO public.core_chitiethoadon VALUES (29, 'Nhiên liệu DO', 100.5, 22885.572139303484, 2300000, 29);
INSERT INTO public.core_chitiethoadon VALUES (30, 'Nhiên liệu DO', 200, 20000, 4000000, 30);
INSERT INTO public.core_chitiethoadon VALUES (31, 'Nhiên liệu E10', 30, 23333.333333333332, 700000, 31);
INSERT INTO public.core_chitiethoadon VALUES (32, 'Nhiên liệu A95', 50, 24000, 1200000, 32);
INSERT INTO public.core_chitiethoadon VALUES (33, 'Nhiên liệu DO', 100.5, 22885.572139303484, 2300000, 33);
INSERT INTO public.core_chitiethoadon VALUES (34, 'Nhiên liệu DO', 200, 20000, 4000000, 34);
INSERT INTO public.core_chitiethoadon VALUES (35, 'Nhiên liệu E10', 30, 23333.333333333332, 700000, 35);
INSERT INTO public.core_chitiethoadon VALUES (36, 'Nhiên liệu A95', 50, 24000, 1200000, 36);
INSERT INTO public.core_chitiethoadon VALUES (37, 'Nhiên liệu DO', 100.5, 22885.572139303484, 2300000, 37);
INSERT INTO public.core_chitiethoadon VALUES (38, 'Nhiên liệu DO', 200, 20000, 4000000, 38);
INSERT INTO public.core_chitiethoadon VALUES (39, 'Nhiên liệu E10', 30, 23333.333333333332, 700000, 39);


--
-- TOC entry 5393 (class 0 OID 25846)
-- Dependencies: 267
-- Data for Name: core_danhgiatram; Type: TABLE DATA; Schema: public; Owner: -
--

INSERT INTO public.core_danhgiatram VALUES (1, 'vu', 5, 'tot', true, '2026-04-16 05:45:44.671801+07', 48, NULL);
INSERT INTO public.core_danhgiatram VALUES (2, 'tan', 5, 'rat tot', true, '2026-04-16 05:54:15.978893+07', 48, NULL);
INSERT INTO public.core_danhgiatram VALUES (3, 'vu', 5, 'tram tot', true, '2026-04-16 15:39:45.784907+07', 50, NULL);
INSERT INTO public.core_danhgiatram VALUES (4, 'vu', 5, '123', true, '2026-04-16 15:40:32.426962+07', 50, NULL);
INSERT INTO public.core_danhgiatram VALUES (5, 'vy', 5, '123', true, '2026-04-16 15:41:08.141637+07', 50, NULL);
INSERT INTO public.core_danhgiatram VALUES (6, '', 5, 'tot', true, '2026-04-29 20:33:10.291357+07', 11, 11);
INSERT INTO public.core_danhgiatram VALUES (7, '', 5, 'thu', true, '2026-04-29 21:15:21.60501+07', 48, 11);
INSERT INTO public.core_danhgiatram VALUES (8, 'Football TV The Dream', 5, 'a', true, '2026-04-29 21:24:35.322538+07', 50, 11);
INSERT INTO public.core_danhgiatram VALUES (9, 'Football TV The Dream', 5, 'ok', true, '2026-04-29 23:55:11.085184+07', 44, 11);


--
-- TOC entry 5358 (class 0 OID 17581)
-- Dependencies: 232
-- Data for Name: core_danhmuc; Type: TABLE DATA; Schema: public; Owner: -
--

INSERT INTO public.core_danhmuc VALUES (1, 'Xăng Động Cơ');
INSERT INTO public.core_danhmuc VALUES (2, 'Dầu Diesel (DO)');
INSERT INTO public.core_danhmuc VALUES (3, 'Dầu Nhớt Công Nghiệp');
INSERT INTO public.core_danhmuc VALUES (4, 'Khí Hóa Lỏng (LPG)');


--
-- TOC entry 5387 (class 0 OID 25722)
-- Dependencies: 261
-- Data for Name: core_doitacb2b; Type: TABLE DATA; Schema: public; Owner: -
--

INSERT INTO public.core_doitacb2b VALUES (2, 'dat G', '123', 'huethanh2441@gmail.com', 'Đổ xăng đội xe B2B', NULL, '2026-04-15 20:52:50.532013+07', 'thanh_cong');
INSERT INTO public.core_doitacb2b VALUES (1, 'dat G', '123', 'huethanh2441@gmail.com', 'Đổ xăng đội xe B2B', NULL, '2026-04-09 19:30:51.450097+07', 'thanh_cong');


--
-- TOC entry 5372 (class 0 OID 17667)
-- Dependencies: 246
-- Data for Name: core_hoadon; Type: TABLE DATA; Schema: public; Owner: -
--

INSERT INTO public.core_hoadon VALUES (1, 'HD-260402173555-5', '2026-04-03 00:35:55.217991+07', 20000, 5, 'tien_mat', NULL, NULL, NULL, false, NULL);
INSERT INTO public.core_hoadon VALUES (2, 'HD-260402173636-5', '2026-04-03 00:36:36.716627+07', 20000, 5, 'tien_mat', NULL, NULL, NULL, false, NULL);
INSERT INTO public.core_hoadon VALUES (3, 'HD-260416084639-9', '2026-04-16 08:46:39.247853+07', 50000, 9, 'tien_mat', NULL, NULL, NULL, false, NULL);
INSERT INTO public.core_hoadon VALUES (4, 'HD-260416090624-9', '2026-04-16 09:06:24.177427+07', 100000, 9, 'tien_mat', NULL, NULL, NULL, false, NULL);
INSERT INTO public.core_hoadon VALUES (5, 'HD-260416102835-7', '2026-04-16 10:28:35.585149+07', 100000, 7, 'tien_mat', 'huethanh2441@gmail.com', '123', 'dat G', true, NULL);
INSERT INTO public.core_hoadon VALUES (6, 'HD-260416103048-7', '2026-04-16 10:30:48.525043+07', 50000, 7, 'tien_mat', 'huethanh2441@gmail.com', '123', 'dat G', true, NULL);
INSERT INTO public.core_hoadon VALUES (7, 'HD-260416104026-7', '2026-04-16 10:40:26.210521+07', 100000, 7, 'tien_mat', 'huethanh2441@gmail.com', '123', 'dat G', true, NULL);
INSERT INTO public.core_hoadon VALUES (8, 'HD-260416104044-7', '2026-04-16 10:40:44.641992+07', 100000, 7, 'tien_mat', '', '', '', false, NULL);
INSERT INTO public.core_hoadon VALUES (9, 'HD-260416104053-7', '2026-04-16 10:40:53.018199+07', 500000, 7, 'tien_mat', '', '', '', false, NULL);
INSERT INTO public.core_hoadon VALUES (10, 'HD-260416110222-9', '2026-04-16 11:02:22.535371+07', 100000, 9, 'tien_mat', '', '', '', false, NULL);
INSERT INTO public.core_hoadon VALUES (11, 'HD-260416130250-7', '2026-04-16 13:02:50.431077+07', 100000, 7, 'tien_mat', '', '', '', false, 3);
INSERT INTO public.core_hoadon VALUES (12, 'HD-260416130304-7', '2026-04-16 13:03:04.204059+07', 200000, 7, 'tien_mat', '', '', '', false, 3);
INSERT INTO public.core_hoadon VALUES (13, 'HD-EXCEL-9C9E66', '2026-04-16 00:00:00+07', 1200000, 1, 'tien_mat', NULL, NULL, NULL, false, NULL);
INSERT INTO public.core_hoadon VALUES (14, 'HD-EXCEL-98FAB0', '2026-04-16 00:00:00+07', 2010000, 5, 'chuyen_khoan', NULL, NULL, NULL, false, NULL);
INSERT INTO public.core_hoadon VALUES (15, 'HD-EXCEL-028B97', '2026-04-16 00:00:00+07', 1200000, 1, 'tien_mat', NULL, NULL, NULL, false, NULL);
INSERT INTO public.core_hoadon VALUES (16, 'HD-EXCEL-C19078', '2026-04-16 00:00:00+07', 2010000, 5, 'chuyen_khoan', NULL, NULL, NULL, false, NULL);
INSERT INTO public.core_hoadon VALUES (17, 'HD-260416154600-5', '2026-04-16 15:46:00.914798+07', 100000, 5, 'tien_mat', '', '', '', false, 7);
INSERT INTO public.core_hoadon VALUES (18, 'HD-EXCEL-18ED7A', '2026-04-16 00:00:00+07', 1200000, 1, 'tien_mat', NULL, NULL, NULL, false, NULL);
INSERT INTO public.core_hoadon VALUES (19, 'HD-EXCEL-0429BD', '2026-04-16 00:00:00+07', 2010000, 5, 'chuyen_khoan', NULL, NULL, NULL, false, NULL);
INSERT INTO public.core_hoadon VALUES (20, 'HD-260429013809-5', '2026-04-29 01:38:09.409816+07', 100000, 5, 'tien_mat', '', '', '', false, 7);
INSERT INTO public.core_hoadon VALUES (21, 'HD-260429014753-5', '2026-04-29 01:47:53.314501+07', 100000, 5, 'tien_mat', '', '', '', false, 7);
INSERT INTO public.core_hoadon VALUES (24, 'HD-AD-4DF282', '2026-04-30 00:00:00+07', 1200000, 1, 'tien_mat', NULL, NULL, NULL, false, NULL);
INSERT INTO public.core_hoadon VALUES (25, 'HD-AD-C001E2', '2026-04-30 00:00:00+07', 2300000, 1, 'chuyen_khoan', NULL, NULL, NULL, false, NULL);
INSERT INTO public.core_hoadon VALUES (26, 'HD-AD-91E138', '2026-04-29 00:00:00+07', 4000000, 1, 'the', NULL, NULL, NULL, false, NULL);
INSERT INTO public.core_hoadon VALUES (27, 'HD-AD-463DE2', '2026-04-28 00:00:00+07', 700000, 1, 'tien_mat', NULL, NULL, NULL, false, NULL);
INSERT INTO public.core_hoadon VALUES (28, 'HD-AD-F9F78C', '2026-04-30 00:00:00+07', 1200000, 4, 'tien_mat', NULL, NULL, NULL, false, 8);
INSERT INTO public.core_hoadon VALUES (29, 'HD-AD-7B7D73', '2026-04-30 00:00:00+07', 2300000, 4, 'chuyen_khoan', NULL, NULL, NULL, false, 8);
INSERT INTO public.core_hoadon VALUES (30, 'HD-AD-5993E8', '2026-04-29 00:00:00+07', 4000000, 12, 'the', NULL, NULL, NULL, false, 9);
INSERT INTO public.core_hoadon VALUES (31, 'HD-AD-083CB1', '2026-04-28 00:00:00+07', 700000, 13, 'tien_mat', NULL, NULL, NULL, false, 10);
INSERT INTO public.core_hoadon VALUES (32, 'HD-AD-EE0D3F', '2026-04-30 00:00:00+07', 1200000, 4, 'tien_mat', NULL, NULL, NULL, false, 8);
INSERT INTO public.core_hoadon VALUES (33, 'HD-AD-0D9212', '2026-04-30 00:00:00+07', 2300000, 4, 'chuyen_khoan', NULL, NULL, NULL, false, 8);
INSERT INTO public.core_hoadon VALUES (34, 'HD-AD-7C7CFD', '2026-04-29 00:00:00+07', 4000000, 12, 'the', NULL, NULL, NULL, false, 9);
INSERT INTO public.core_hoadon VALUES (35, 'HD-AD-3A5571', '2026-04-28 00:00:00+07', 700000, 13, 'tien_mat', NULL, NULL, NULL, false, 10);
INSERT INTO public.core_hoadon VALUES (36, 'HD-AD-47EA17', '2026-04-30 00:00:00+07', 1200000, 4, 'tien_mat', NULL, NULL, NULL, false, 8);
INSERT INTO public.core_hoadon VALUES (37, 'HD-AD-AD383E', '2026-04-30 00:00:00+07', 2300000, 4, 'chuyen_khoan', NULL, NULL, NULL, false, 8);
INSERT INTO public.core_hoadon VALUES (38, 'HD-AD-143BCA', '2026-04-30 00:00:00+07', 4000000, 12, 'the', NULL, NULL, NULL, false, 9);
INSERT INTO public.core_hoadon VALUES (39, 'HD-AD-4BC14F', '2026-04-30 00:00:00+07', 700000, 13, 'tien_mat', NULL, NULL, NULL, false, 10);


--
-- TOC entry 5389 (class 0 OID 25736)
-- Dependencies: 263
-- Data for Name: core_hosoungvien; Type: TABLE DATA; Schema: public; Owner: -
--

INSERT INTO public.core_hosoungvien VALUES (2, 'Cửa Hàng Trưởng Trạm Xăng', 'dat', '123', 'huethanh2441@gmail.com', 'cv_ung_vien/1000043230.pdf', '2026-04-15 20:53:11.247694+07', 'nhan_viec');
INSERT INTO public.core_hosoungvien VALUES (1, 'Cửa Hàng Trưởng Trạm Xăng', 'dat', '123', 'huethanh2441@gmail.com', 'cv_ung_vien/BAITAP1.docx', '2026-04-09 19:32:24.439024+07', 'nhan_viec');


--
-- TOC entry 5391 (class 0 OID 25751)
-- Dependencies: 265
-- Data for Name: core_lienhegopy; Type: TABLE DATA; Schema: public; Owner: -
--

INSERT INTO public.core_lienhegopy VALUES (5, 'dat', '123', 'giá xăng cao', '123', '2026-04-15 23:09:48.368571+07', true, 'huethanh2441@gmail.com');
INSERT INTO public.core_lienhegopy VALUES (4, 'dat', '123', 'giá xăng cao', 'huhu', '2026-04-15 22:15:38.405229+07', true, NULL);
INSERT INTO public.core_lienhegopy VALUES (6, 'dat', '123', 'giá xăng cao', '123', '2026-04-15 23:18:34.002331+07', true, 'huethanh2441@gmail.com');
INSERT INTO public.core_lienhegopy VALUES (7, 'nguyen duong ho tha', '123', 'cam', '123', '2026-04-16 15:43:09.777702+07', false, 'benerad757@inilas.com');


--
-- TOC entry 5360 (class 0 OID 17589)
-- Dependencies: 234
-- Data for Name: core_nhacungcap; Type: TABLE DATA; Schema: public; Owner: -
--

INSERT INTO public.core_nhacungcap VALUES (3, 'Tổng kho xăng dầu nhà bè', 'Hẻm 1982 Huỳnh Tấn Phát, Xã Nhà Bè, Thành phố Hồ Chí Minh, 72915', '0892637452', 10.69249, 106.739568, 500000, 500000, 500000, 500000);
INSERT INTO public.core_nhacungcap VALUES (2, 'Tổng kho xăng dầu Thủ Đức', 'Hẻm 123, Khu phố 7, Phường Phước Long, Thành phố Thủ Đức, Thành phố Hồ Chí Minh, 71211', '0892637452', 10.830608, 106.769108, 499800, 500000, 499900, 499800);


--
-- TOC entry 5397 (class 0 OID 25883)
-- Dependencies: 271
-- Data for Name: core_noptiengiuaca; Type: TABLE DATA; Schema: public; Owner: -
--



--
-- TOC entry 5376 (class 0 OID 17692)
-- Dependencies: 250
-- Data for Name: core_phieunhap; Type: TABLE DATA; Schema: public; Owner: -
--

INSERT INTO public.core_phieunhap VALUES (6, 'PN-1604064720-88-0', '2026-04-16 06:47:20.383895+07', 100, 2100000, 55, 2, 273000, 21000, 2373000);
INSERT INTO public.core_phieunhap VALUES (7, 'PN-1604072618-56-0', '2026-04-16 07:26:18.152837+07', 100, 2100000, 67, 2, 153000, 21000, 2253000);
INSERT INTO public.core_phieunhap VALUES (8, 'PN-1604072618-22-1', '2026-04-16 07:26:18.165517+07', 100, 2100000, 62, 2, 153000, 21000, 2253000);
INSERT INTO public.core_phieunhap VALUES (9, 'PN-1604072618-13-2', '2026-04-16 07:26:18.170854+07', 100, 2100000, 71, 2, 153000, 21000, 2253000);
INSERT INTO public.core_phieunhap VALUES (10, 'PN-1604072618-68-3', '2026-04-16 07:26:18.178545+07', 100, 2100000, 7, 2, 153000, 21000, 2253000);


--
-- TOC entry 5378 (class 0 OID 17707)
-- Dependencies: 252
-- Data for Name: core_sanpham; Type: TABLE DATA; Schema: public; Owner: -
--

INSERT INTO public.core_sanpham VALUES (5, 'Dầu DO 0.001S-V', 21800, 'san_pham/Dầu_DO_0.001S-V.webp', 'Dầu Diesel chất lượng cao, hàm lượng lưu huỳnh siêu thấp, bảo vệ động cơ đời mới.', 2);
INSERT INTO public.core_sanpham VALUES (4, 'Dầu DO 0.05S-II', 21000, 'san_pham/Dầu_DO_0.05S-II.webp', 'Dầu Diesel tiêu chuẩn, phục vụ vận tải nặng, tàu thuyền và máy móc nông nghiệp.', 2);
INSERT INTO public.core_sanpham VALUES (8, 'Gas bồn công nghiệp LPG', 25000, 'san_pham/Gas_bồn_công_nghiệp_LPG', 'Khí dầu mỏ hóa lỏng phục vụ lò hơi, nhà máy sản xuất gạch men, gốm sứ, sấy nông sản. (Giá tính theo Kg)', 4);
INSERT INTO public.core_sanpham VALUES (7, 'Nhớt thủy lực AW 68 (Can 18L)', 1200000, 'san_pham/Nhớt_thủy_lực_AW_68_Can_18L_nXxTeNg', 'Bôi trơn hệ thống thủy lực, chống mài mòn, chống oxy hóa cực tốt.', 3);
INSERT INTO public.core_sanpham VALUES (6, 'Nhớt động cơ Diesel HD 50 (Phuy 200L)', 15000000, 'san_pham/Nhớt_động_cơ_Diesel_HD_50_Phuy_200L', 'Dầu nhờn chuyên dụng cho động cơ Diesel tải trọng nặng, hoạt động liên tục.', 3);
INSERT INTO public.core_sanpham VALUES (1, 'Xăng RON 95-V', 24500, 'san_pham/Xăng_RON_95-V', 'Nhiên liệu cao cấp tiêu chuẩn khí thải mức V, thân thiện môi trường, tối ưu hiệu suất động cơ.', 1);
INSERT INTO public.core_sanpham VALUES (3, 'Xăng Sinh học E10', 24000, 'san_pham/Xăng_Sinh_học_E10', 'Nhiên liệu sinh học thế hệ mới, đáp ứng xu hướng chuyển đổi xanh toàn cầu.', 1);
INSERT INTO public.core_sanpham VALUES (2, 'Xăng Sinh học E5 RON 92', 23500, 'san_pham/Xăng_Sinh_học_E5_RON_92', 'Phối trộn 5% cồn sinh học Ethanol, tiết kiệm nhiên liệu, giảm thiểu khí thải độc hại.', 1);


--
-- TOC entry 5362 (class 0 OID 17601)
-- Dependencies: 236
-- Data for Name: core_tintuc; Type: TABLE DATA; Schema: public; Owner: -
--

INSERT INTO public.core_tintuc VALUES (1, 'Giá xăng hôm nay đồng loạt giảm, Petroleum điều chỉnh xuống mức thấp nhất trong tháng', 'tin_tuc/anh_bia/Báo_giá_chi_phí_xây_dựng_cây_xăng_trọn_gói_mới_nhất_2023.jpg', 'Từ 15h00 hôm nay, giá xăng E5 RON 92 và RON 95 đồng loạt giảm lần lượt là 200 đồng và 250 đồng mỗi lít. Đây là lần điều chỉnh giảm thứ hai liên tiếp sau khi giá xăng tăng mạnh trước đó. Giá dầu cũng ghi nhận mức giảm nhẹ, dao động từ 100 - 150 đồng mỗi lít.', 'Diễn biến thị trường:

Sự giảm giá xăng hôm nay được cho là ảnh hưởng từ biến động của giá dầu thế giới. Theo các chuyên gia kinh tế, giá dầu thô trên thị trường quốc tế đã có xu hướng giảm nhẹ trong những ngày qua do lo ngại về suy thoái kinh tế và nguồn cung dầu thô dồi dào từ các quốc gia xuất khẩu dầu mỏ (OPEC+). Bên cạnh đó, các yếu tố về tỷ giá và các chính sách quản lý điều hành giá của Nhà nước cũng đóng vai trò quan trọng trong việc điều chỉnh giá bán lẻ xăng dầu trong nước.

Giá xăng dầu bán lẻ cụ thể:

Theo thông báo từ Công ty Xăng dầu Quân đội (Petroleum), giá bán lẻ các mặt hàng xăng dầu tại các cửa hàng xăng dầu thuộc hệ thống từ 15h00 hôm nay cụ thể như sau:

Xăng E5 RON 92: 21.010 đồng/lít (Giảm 200 đồng/lít)

Xăng RON 95-III: 22.050 đồng/lít (Giảm 250 đồng/lít)

Dầu Diesel 0.05S: 19.340 đồng/lít (Giảm 150 đồng/lít)

Dầu hỏa: 19.750 đồng/lít (Giảm 100 đồng/lít)

Dầu Mazut 180CST 3.5S: 15.650 đồng/kg (Giảm 120 đồng/kg)

Nhận định và dự báo:

Mặc dù giá xăng giảm, các chuyên gia vẫn khuyến cáo người tiêu dùng không nên chủ quan vì giá xăng vẫn ở mức cao và có thể biến động bất thường trong thời gian tới. Việc tiết kiệm nhiên liệu và sử dụng các phương tiện giao thông thay thế là những biện pháp cần thiết để giảm bớt gánh nặng chi phí xăng dầu đối với đời sống và sản xuất.

Dự kiến, trong kỳ điều chỉnh giá tiếp theo, giá xăng dầu trong nước có thể tiếp tục giảm nếu giá dầu thế giới không có biến động lớn. Tuy nhiên, các yếu tố khác như tình hình địa chính trị, chính sách tiền tệ của các quốc gia cũng có thể tác động đến giá xăng dầu.

Kết luận:

Sự giảm giá xăng hôm nay là một tín hiệu tích cực cho người tiêu dùng và các doanh nghiệp trong bối cảnh lạm phát đang có xu hướng gia tăng. Tuy nhiên, việc theo dõi sát sao diễn biến thị trường và có các biện pháp tiết kiệm nhiên liệu vẫn là điều cần thiết để đảm bảo ổn định đời sống và sản xuất.

Hi vọng bài tin tức này hữu ích cho bạn! Bạn có thể thay đổi, bổ sung thêm thông tin để phù hợp với nhu cầu và bối cảnh cụ thể của bạn.', '2026-04-08 20:43:54.390064+07');


--
-- TOC entry 5364 (class 0 OID 17615)
-- Dependencies: 238
-- Data for Name: core_tramxang; Type: TABLE DATA; Schema: public; Owner: -
--

INSERT INTO public.core_tramxang VALUES (3, 'GSMS 02 - Big C Dĩ An', 'QL1K, Đông Hòa, Dĩ An, Bình Dương', 10.89, 106.795, 'hoat_dong');
INSERT INTO public.core_tramxang VALUES (4, 'GSMS 03 - KCN Sóng Thần', 'Đại lộ Độc Lập, Dĩ An, Bình Dương', 10.9024, 106.7632, 'hoat_dong');
INSERT INTO public.core_tramxang VALUES (5, 'GSMS 04 - Tân Đông Hiệp', 'ĐT743, Tân Đông Hiệp, Dĩ An', 10.925, 106.77, 'hoat_dong');
INSERT INTO public.core_tramxang VALUES (6, 'GSMS 05 - Bến Xe Dĩ An', 'Lý Thường Kiệt, Dĩ An', 10.911, 106.785, 'hoat_dong');
INSERT INTO public.core_tramxang VALUES (7, 'GSMS 06 - Ngã Tư 550', 'Ngã tư 550, Dĩ An, Bình Dương', 10.91, 106.75, 'hoat_dong');
INSERT INTO public.core_tramxang VALUES (8, 'GSMS 07 - Ga Dĩ An', 'Ga Dĩ An, Bình Dương', 10.912, 106.788, 'hoat_dong');
INSERT INTO public.core_tramxang VALUES (9, 'GSMS 08 - Quốc Lộ 1K', 'Quốc lộ 1K, Bình An, Dĩ An', 10.895, 106.785, 'hoat_dong');
INSERT INTO public.core_tramxang VALUES (10, 'GSMS 09 - An Phú', 'Vòng xoay An Phú, Thuận An', 10.93, 106.73, 'hoat_dong');
INSERT INTO public.core_tramxang VALUES (11, 'GSMS 10 - Lái Thiêu', 'Chợ Lái Thiêu, Thuận An', 10.905, 106.695, 'hoat_dong');
INSERT INTO public.core_tramxang VALUES (12, 'GSMS 11 - VSIP 1', 'KCN VSIP 1, Thuận An', 10.915, 106.71, 'hoat_dong');
INSERT INTO public.core_tramxang VALUES (13, 'GSMS 12 - AEON Mall BD', 'Đại lộ Bình Dương, Thuận An', 10.931, 106.711, 'hoat_dong');
INSERT INTO public.core_tramxang VALUES (14, 'GSMS 13 - Bình Chuẩn', 'ĐT743, Bình Chuẩn, Thuận An', 10.95, 106.725, 'hoat_dong');
INSERT INTO public.core_tramxang VALUES (15, 'GSMS 14 - Cầu Hóa An', 'Bùi Hữu Nghĩa, Hóa An, Biên Hòa', 10.945, 106.805, 'hoat_dong');
INSERT INTO public.core_tramxang VALUES (16, 'GSMS 15 - Ngã Tư Vũng Tàu', 'Ngã tư Vũng Tàu, Biên Hòa', 10.905, 106.845, 'hoat_dong');
INSERT INTO public.core_tramxang VALUES (17, 'GSMS 16 - KCN Amata', 'KCN Amata, Long Bình, Biên Hòa', 10.955, 106.855, 'hoat_dong');
INSERT INTO public.core_tramxang VALUES (18, 'GSMS 17 - Trung Tâm Biên Hòa', 'Đường 30/4, Biên Hòa', 10.95, 106.82, 'hoat_dong');
INSERT INTO public.core_tramxang VALUES (19, 'GSMS 18 - Đồng Khởi', 'Đồng Khởi, Tân Hiệp, Biên Hòa', 10.96, 106.84, 'hoat_dong');
INSERT INTO public.core_tramxang VALUES (20, 'GSMS 19 - Tân Vạn', 'Ngã ba Tân Vạn, Biên Hòa', 10.9, 106.825, 'hoat_dong');
INSERT INTO public.core_tramxang VALUES (21, 'GSMS 20 - Cầu Đồng Nai', 'Trạm thu phí Cầu Đồng Nai', 10.89, 106.82, 'hoat_dong');
INSERT INTO public.core_tramxang VALUES (22, 'GSMS 21 - Làng Đại Học', 'Khu Đô thị ĐHQG TP.HCM', 10.875, 106.795, 'hoat_dong');
INSERT INTO public.core_tramxang VALUES (23, 'GSMS 22 - Suối Tiên', 'KDL Suối Tiên, Thủ Đức', 10.865, 106.8, 'hoat_dong');
INSERT INTO public.core_tramxang VALUES (24, 'GSMS 23 - Ngã Tư Thủ Đức', 'Xa lộ Hà Nội, Thủ Đức', 10.85, 106.76, 'hoat_dong');
INSERT INTO public.core_tramxang VALUES (25, 'GSMS 24 - Phạm Văn Đồng', 'Phạm Văn Đồng, Hiệp Bình Chánh', 10.825, 106.72, 'hoat_dong');
INSERT INTO public.core_tramxang VALUES (26, 'GSMS 25 - Kha Vạn Cân', 'Kha Vạn Cân, Linh Trung, Thủ Đức', 10.835, 106.735, 'hoat_dong');
INSERT INTO public.core_tramxang VALUES (27, 'GSMS 26 - Khu Công Nghệ Cao', 'Khu CNC, Quận 9', 10.845, 106.8, 'hoat_dong');
INSERT INTO public.core_tramxang VALUES (28, 'GSMS 27 - Lê Văn Việt', 'Lê Văn Việt, Quận 9', 10.84, 106.78, 'hoat_dong');
INSERT INTO public.core_tramxang VALUES (29, 'GSMS 28 - Đỗ Xuân Hợp', 'Đỗ Xuân Hợp, Quận 9', 10.815, 106.77, 'hoat_dong');
INSERT INTO public.core_tramxang VALUES (30, 'GSMS 29 - Mai Chí Thọ', 'Mai Chí Thọ, Quận 2', 10.795, 106.74, 'hoat_dong');
INSERT INTO public.core_tramxang VALUES (31, 'GSMS 30 - Thảo Điền', 'Nguyễn Văn Hưởng, Thảo Điền', 10.805, 106.735, 'hoat_dong');
INSERT INTO public.core_tramxang VALUES (32, 'GSMS 31 - Hàng Xanh', 'Ngã tư Hàng Xanh, Bình Thạnh', 10.8, 106.71, 'hoat_dong');
INSERT INTO public.core_tramxang VALUES (33, 'GSMS 32 - Bến Thành', 'Lê Lợi, Quận 1, TP.HCM', 10.7725, 106.698, 'hoat_dong');
INSERT INTO public.core_tramxang VALUES (34, 'GSMS 33 - Hồ Con Rùa', 'Công trường Quốc Tế, Quận 3', 10.7824, 106.6957, 'hoat_dong');
INSERT INTO public.core_tramxang VALUES (35, 'GSMS 34 - Phú Nhuận', 'Phan Đăng Lưu, Phú Nhuận', 10.8015, 106.685, 'hoat_dong');
INSERT INTO public.core_tramxang VALUES (36, 'GSMS 35 - Sân Bay TSN', 'Trường Sơn, Tân Bình', 10.815, 106.66, 'hoat_dong');
INSERT INTO public.core_tramxang VALUES (37, 'GSMS 36 - Cộng Hòa', 'Cộng Hòa, Tân Bình', 10.8, 106.65, 'hoat_dong');
INSERT INTO public.core_tramxang VALUES (38, 'GSMS 37 - Ngã Tư Bảy Hiền', 'Hoàng Văn Thụ, Tân Bình', 10.79, 106.655, 'hoat_dong');
INSERT INTO public.core_tramxang VALUES (39, 'GSMS 38 - Ngã Sáu Gò Vấp', 'Quang Trung, Gò Vấp', 10.82, 106.685, 'hoat_dong');
INSERT INTO public.core_tramxang VALUES (40, 'GSMS 39 - Vạn Hạnh Mall', 'Sư Vạn Hạnh, Quận 10', 10.7758, 106.6675, 'hoat_dong');
INSERT INTO public.core_tramxang VALUES (41, 'GSMS 40 - Chợ Lớn', 'Hải Thượng Lãn Ông, Quận 5', 10.751, 106.652, 'hoat_dong');
INSERT INTO public.core_tramxang VALUES (42, 'GSMS 41 - Đầm Sen', 'Hòa Bình, Quận 11', 10.765, 106.635, 'hoat_dong');
INSERT INTO public.core_tramxang VALUES (43, 'GSMS 42 - Võ Văn Kiệt', 'Đại lộ Võ Văn Kiệt, Quận 6', 10.745, 106.665, 'hoat_dong');
INSERT INTO public.core_tramxang VALUES (44, 'GSMS 43 - Bến Xe Miền Tây', 'Kinh Dương Vương, Bình Tân', 10.728, 106.615, 'hoat_dong');
INSERT INTO public.core_tramxang VALUES (45, 'GSMS 44 - Phú Mỹ Hưng', 'Nguyễn Văn Linh, Quận 7', 10.735, 106.715, 'hoat_dong');
INSERT INTO public.core_tramxang VALUES (46, 'GSMS 45 - Nguyễn Văn Linh', 'Bình Chánh, TP.HCM', 10.71, 106.66, 'hoat_dong');
INSERT INTO public.core_tramxang VALUES (47, 'GSMS 46 - KCN Tân Tạo', 'QL1A, Bình Tân', 10.74, 106.59, 'hoat_dong');
INSERT INTO public.core_tramxang VALUES (48, 'GSMS 47 - An Sương', 'Ngã tư An Sương, Quận 12', 10.835, 106.62, 'hoat_dong');
INSERT INTO public.core_tramxang VALUES (49, 'GSMS 48 - Củ Chi', 'QL22, Củ Chi', 10.97, 106.48, 'hoat_dong');
INSERT INTO public.core_tramxang VALUES (50, 'GSMS 49 - Nhà Bè', 'Huỳnh Tấn Phát, Nhà Bè', 10.68, 106.74, 'hoat_dong');
INSERT INTO public.core_tramxang VALUES (51, 'GSMS 50 - Cần Giờ', 'Rừng Sác, Cần Giờ', 10.5, 106.87, 'hoat_dong');
INSERT INTO public.core_tramxang VALUES (52, 'GSMS 51 -  Tam Hòa', 'Khu phố Tam Hòa, Biên Hòa, Phường Trấn Biên, Tỉnh Đồng Nai, 76100', 10.930978, 106.836361, 'hoat_dong');
INSERT INTO public.core_tramxang VALUES (2, 'GSMS 01 - Trung Tâm Dĩ An', 'Nguyễn An Ninh, P. Dĩ An, Bình Dương', 10.915, 106.792, 'hoat_dong');
INSERT INTO public.core_tramxang VALUES (53, 'GSMS 52 - Đông An', 'Đường D3, Khu phố Đông An, Phường Tân Đông Hiệp, Thành phố Hồ Chí Minh, 75207', 10.919719, 106.78359, 'hoat_dong');
INSERT INTO public.core_tramxang VALUES (54, 'GSMS 53 - Tài Nguyên', '236B', 10.796375, 106.666695, 'hoat_dong');


--
-- TOC entry 5366 (class 0 OID 17626)
-- Dependencies: 240
-- Data for Name: core_user; Type: TABLE DATA; Schema: public; Owner: -
--

INSERT INTO public.core_user VALUES (1, 'pbkdf2_sha256$1200000$02hTIKQOVUmagHuCP1S6cK$2DzzS+oOzHrmqusDbUqjsDP+d3mpDfpwsN4MaI2eMUQ=', '2026-05-05 16:35:31.31988+07', true, 'admin', '', '', '', true, true, '2026-03-23 14:19:48.038232+07', 'staff', '', '', NULL, NULL, NULL, NULL);
INSERT INTO public.core_user VALUES (3, 'pbkdf2_sha256$1200000$nf3r4My43xamFf0K22KLcd$4ZwmJNHYOJseg1Vvm4PGhxbtnOxJC6QEFvnEeK1cM3c=', NULL, true, 'admin1', '', '', '', true, true, '2026-04-02 22:55:44.546636+07', 'staff', '', '', NULL, NULL, NULL, NULL);
INSERT INTO public.core_user VALUES (2, 'pbkdf2_sha256$1200000$STI6fX89L8heS9ycLucaOY$xciyg09Fc29wrm7G+MoqHYrwZs1BRGUmutzDO9H+1+8=', '2026-04-02 22:57:07.725432+07', true, 'staff', '', '', '', true, true, '2026-03-24 07:58:44.040495+07', 'staff', '', '', NULL, NULL, NULL, NULL);
INSERT INTO public.core_user VALUES (7, 'pbkdf2_sha256$1200000$f8dnd8OHUoHhxi2RaSF4D3$4cDiu8+vfZ5XUq51PgpmI066mOriMT8vilFS494didY=', '2026-04-16 13:02:45.732754+07', false, 'nhanvien_52', '', '', '', false, true, '2026-04-08 20:07:48.538424+07', 'nv_ban_xang', 'NV GSMS 51 - Trạm xăng Tam Hòa', '', NULL, NULL, 52, '');
INSERT INTO public.core_user VALUES (9, 'pbkdf2_sha256$1200000$mQVXV4teXCDuWVVrPpDJaG$qY2w0+73BqwHl/amsZGEXblZSD4sCYrtYv3gG24G5dw=', '2026-04-16 15:07:36.197821+07', false, 'nhanvien_53', '', '', '', false, true, '2026-04-16 06:19:19.735298+07', 'nv_ban_xang', 'NV GSMS 52 _ Đông An', '', NULL, NULL, 53, '');
INSERT INTO public.core_user VALUES (8, 'pbkdf2_sha256$1200000$o354S0Gi90CmmDyY8XBxSD$6GOMysTOqeirNQPXMrcNDS5chfiqRLgYBlKwPJMRfF4=', NULL, false, 'truongtram_53', '', '', '', false, true, '2026-04-16 06:19:18.768795+07', 'truong_tram', 'Trưởng GSMS 52 _ Đông An', '', NULL, NULL, 53, '');
INSERT INTO public.core_user VALUES (11, '!g3ldtgWos2j96oSXsM9el3VRwhFD62cA28HwZFPJ', '2026-04-29 23:56:49.239392+07', false, 'the_dream', 'The Dream', 'Football TV', 'vusummer99@gmail.com', false, true, '2026-04-29 20:31:47.027593+07', 'khach_hang', '', '', NULL, NULL, NULL, '');
INSERT INTO public.core_user VALUES (6, 'pbkdf2_sha256$1200000$ryhaoIJd61gKdFJ9h7zJSh$SSt4plz39V2QRG81Oq0WxEqXBVx2JhMYqEdgTjZ15Y4=', '2026-04-16 15:27:25.349213+07', false, 'truongtram_52', '', '', '', false, true, '2026-04-08 20:07:47.089143+07', 'truong_tram', 'Trưởng GSMS 51 - Trạm xăng Tam Hòa', '', NULL, NULL, 52, '');
INSERT INTO public.core_user VALUES (12, '!eUwx3YS01bPlmnA7TDZW2MRT6HuE7jC9hGJn0b2N', NULL, false, 'auto_3', '', '', '', false, true, '2026-04-30 00:35:25.661921+07', 'nv_ban_xang', 'Robot Nhập Excel', '', NULL, NULL, 3, '');
INSERT INTO public.core_user VALUES (13, '!DxSJ9NRsmSLZ80awuQJzIQSmsgMtqRcFCBH8zoSh', NULL, false, 'auto_4', '', '', '', false, true, '2026-04-30 00:35:25.676389+07', 'nv_ban_xang', 'Robot Nhập Excel', '', NULL, NULL, 4, '');
INSERT INTO public.core_user VALUES (14, 'pbkdf2_sha256$1200000$rxp2GM2eMQ0GPNgTNuAOVV$RxH3Fz50sxn7LMwNmgzayO4GTGCzLoLlSzND82COAmE=', NULL, false, 'truongtram_54', '', '', '', false, true, '2026-04-30 19:06:58.160982+07', 'truong_tram', 'Trưởng GSMS 53 - Tài Nguyên', '', NULL, NULL, 54, '');
INSERT INTO public.core_user VALUES (15, 'pbkdf2_sha256$1200000$Qafu6oJBrGYW7odSFEBVfs$5imNsRVwfklgvVk+z0k0QlDZjC7MlRvpvsUHtg96TEk=', NULL, false, 'nhanvien_54', '', '', '', false, true, '2026-04-30 19:07:03.479235+07', 'nv_ban_xang', 'NV GSMS 53 - Tài Nguyên', '', NULL, NULL, 54, '');
INSERT INTO public.core_user VALUES (5, 'pbkdf2_sha256$1200000$3wK5gP0G9U0bp41BAW9pHX$SICmTmob/LyQ4tLrkVLBxjFSIZdD8gBuEtSeM7GJnLE=', '2026-05-04 21:29:52.755086+07', false, 'nhanvien_1', '', '', '', false, true, '2026-04-02 23:55:02.545573+07', 'nv_ban_xang', 'Nhân viên 1', '', NULL, NULL, 2, '');
INSERT INTO public.core_user VALUES (4, 'pbkdf2_sha256$1200000$L2HuIzTIUqRwkPzG253RPX$E8bu6dsfn3yPrS97zDVLLyBGm5ZqrztLYolXEvo/gnk=', '2026-05-04 21:32:52.838099+07', false, 'truongtram_1', '', '', '', false, true, '2026-04-02 23:55:01.685566+07', 'truong_tram', 'Trưởng trạm 1', '', NULL, NULL, 2, '');


--
-- TOC entry 5368 (class 0 OID 17649)
-- Dependencies: 242
-- Data for Name: core_user_groups; Type: TABLE DATA; Schema: public; Owner: -
--



--
-- TOC entry 5370 (class 0 OID 17658)
-- Dependencies: 244
-- Data for Name: core_user_user_permissions; Type: TABLE DATA; Schema: public; Owner: -
--



--
-- TOC entry 5382 (class 0 OID 17823)
-- Dependencies: 256
-- Data for Name: core_yeucaunhaphang; Type: TABLE DATA; Schema: public; Owner: -
--

INSERT INTO public.core_yeucaunhaphang VALUES (1, 'A95', 5000, '2026-04-16 11:39:58.769598+07', 'cho_duyet', 'cạn', 6, 52);
INSERT INTO public.core_yeucaunhaphang VALUES (2, 'E5', 1000, '2026-04-16 11:47:20.381651+07', 'cho_duyet', 'can', 6, 52);
INSERT INTO public.core_yeucaunhaphang VALUES (3, 'DO', 1000, '2026-04-16 12:04:28.462179+07', 'cho_duyet', 'can', 6, 52);
INSERT INTO public.core_yeucaunhaphang VALUES (4, 'E10', 1000, '2026-04-16 15:51:23.591125+07', 'cho_duyet', 'e10', 6, 52);


--
-- TOC entry 5380 (class 0 OID 17789)
-- Dependencies: 254
-- Data for Name: django_admin_log; Type: TABLE DATA; Schema: public; Owner: -
--



--
-- TOC entry 5348 (class 0 OID 17501)
-- Dependencies: 222
-- Data for Name: django_content_type; Type: TABLE DATA; Schema: public; Owner: -
--

INSERT INTO public.django_content_type VALUES (1, 'admin', 'logentry');
INSERT INTO public.django_content_type VALUES (2, 'auth', 'group');
INSERT INTO public.django_content_type VALUES (3, 'auth', 'permission');
INSERT INTO public.django_content_type VALUES (4, 'contenttypes', 'contenttype');
INSERT INTO public.django_content_type VALUES (5, 'sessions', 'session');
INSERT INTO public.django_content_type VALUES (6, 'core', 'banggianhienlieu');
INSERT INTO public.django_content_type VALUES (7, 'core', 'bonchua');
INSERT INTO public.django_content_type VALUES (8, 'core', 'chitiethoadon');
INSERT INTO public.django_content_type VALUES (9, 'core', 'danhmuc');
INSERT INTO public.django_content_type VALUES (10, 'core', 'hoadon');
INSERT INTO public.django_content_type VALUES (11, 'core', 'nhacungcap');
INSERT INTO public.django_content_type VALUES (12, 'core', 'phieunhap');
INSERT INTO public.django_content_type VALUES (13, 'core', 'sanpham');
INSERT INTO public.django_content_type VALUES (14, 'core', 'tintuc');
INSERT INTO public.django_content_type VALUES (15, 'core', 'tramxang');
INSERT INTO public.django_content_type VALUES (16, 'core', 'user');
INSERT INTO public.django_content_type VALUES (17, 'core', 'yeucaunhaphang');
INSERT INTO public.django_content_type VALUES (18, 'core', 'bannertrangchu');
INSERT INTO public.django_content_type VALUES (19, 'core', 'doitacb2b');
INSERT INTO public.django_content_type VALUES (20, 'core', 'hosoungvien');
INSERT INTO public.django_content_type VALUES (21, 'core', 'lienhegopy');
INSERT INTO public.django_content_type VALUES (22, 'core', 'danhmucmart');
INSERT INTO public.django_content_type VALUES (23, 'core', 'sanphammart');
INSERT INTO public.django_content_type VALUES (24, 'core', 'danhgiasanpham');
INSERT INTO public.django_content_type VALUES (25, 'core', 'danhmucdichvu');
INSERT INTO public.django_content_type VALUES (26, 'core', 'sanphamdichvu');
INSERT INTO public.django_content_type VALUES (27, 'core', 'danhgiatram');
INSERT INTO public.django_content_type VALUES (28, 'core', 'calamviec');
INSERT INTO public.django_content_type VALUES (29, 'core', 'noptiengiuaca');
INSERT INTO public.django_content_type VALUES (30, 'sites', 'site');
INSERT INTO public.django_content_type VALUES (31, 'account', 'emailaddress');
INSERT INTO public.django_content_type VALUES (32, 'account', 'emailconfirmation');
INSERT INTO public.django_content_type VALUES (33, 'socialaccount', 'socialaccount');
INSERT INTO public.django_content_type VALUES (34, 'socialaccount', 'socialapp');
INSERT INTO public.django_content_type VALUES (35, 'socialaccount', 'socialtoken');


--
-- TOC entry 5346 (class 0 OID 17489)
-- Dependencies: 220
-- Data for Name: django_migrations; Type: TABLE DATA; Schema: public; Owner: -
--

INSERT INTO public.django_migrations VALUES (1, 'contenttypes', '0001_initial', '2026-03-23 14:09:44.231233+07');
INSERT INTO public.django_migrations VALUES (2, 'contenttypes', '0002_remove_content_type_name', '2026-03-23 14:09:44.247078+07');
INSERT INTO public.django_migrations VALUES (3, 'auth', '0001_initial', '2026-03-23 14:09:44.31028+07');
INSERT INTO public.django_migrations VALUES (4, 'auth', '0002_alter_permission_name_max_length', '2026-03-23 14:09:44.316355+07');
INSERT INTO public.django_migrations VALUES (5, 'auth', '0003_alter_user_email_max_length', '2026-03-23 14:09:44.321218+07');
INSERT INTO public.django_migrations VALUES (6, 'auth', '0004_alter_user_username_opts', '2026-03-23 14:09:44.326208+07');
INSERT INTO public.django_migrations VALUES (7, 'auth', '0005_alter_user_last_login_null', '2026-03-23 14:09:44.333611+07');
INSERT INTO public.django_migrations VALUES (8, 'auth', '0006_require_contenttypes_0002', '2026-03-23 14:09:44.335783+07');
INSERT INTO public.django_migrations VALUES (9, 'auth', '0007_alter_validators_add_error_messages', '2026-03-23 14:09:44.342516+07');
INSERT INTO public.django_migrations VALUES (10, 'auth', '0008_alter_user_username_max_length', '2026-03-23 14:09:44.348351+07');
INSERT INTO public.django_migrations VALUES (11, 'auth', '0009_alter_user_last_name_max_length', '2026-03-23 14:09:44.354033+07');
INSERT INTO public.django_migrations VALUES (12, 'auth', '0010_alter_group_name_max_length', '2026-03-23 14:09:44.362555+07');
INSERT INTO public.django_migrations VALUES (13, 'auth', '0011_update_proxy_permissions', '2026-03-23 14:09:44.368856+07');
INSERT INTO public.django_migrations VALUES (14, 'auth', '0012_alter_user_first_name_max_length', '2026-03-23 14:09:44.375018+07');
INSERT INTO public.django_migrations VALUES (15, 'core', '0001_initial', '2026-03-23 14:09:44.559165+07');
INSERT INTO public.django_migrations VALUES (16, 'admin', '0001_initial', '2026-03-23 14:09:44.590113+07');
INSERT INTO public.django_migrations VALUES (17, 'admin', '0002_logentry_remove_auto_add', '2026-03-23 14:09:44.600264+07');
INSERT INTO public.django_migrations VALUES (18, 'admin', '0003_logentry_add_action_flag_choices', '2026-03-23 14:09:44.613598+07');
INSERT INTO public.django_migrations VALUES (19, 'core', '0002_user_tram_xang_alter_user_ca_lam_viec_and_more', '2026-03-23 14:09:44.670951+07');
INSERT INTO public.django_migrations VALUES (20, 'core', '0003_yeucaunhaphang', '2026-03-23 14:09:44.703503+07');
INSERT INTO public.django_migrations VALUES (21, 'core', '0004_banggianhienlieu', '2026-03-23 14:09:44.718107+07');
INSERT INTO public.django_migrations VALUES (22, 'sessions', '0001_initial', '2026-03-23 14:09:44.732446+07');
INSERT INTO public.django_migrations VALUES (23, 'core', '0005_alter_banggianhienlieu_loai_nhien_lieu_and_more', '2026-03-24 06:50:40.649769+07');
INSERT INTO public.django_migrations VALUES (24, 'core', '0006_phieunhap_cuoc_van_chuyen_phieunhap_gia_nhap_1_lit_and_more', '2026-04-03 13:35:29.783964+07');
INSERT INTO public.django_migrations VALUES (25, 'core', '0007_nhacungcap_ton_kho_a95_nhacungcap_ton_kho_do_and_more', '2026-04-03 13:57:43.790835+07');
INSERT INTO public.django_migrations VALUES (26, 'core', '0008_alter_tintuc_anh_bia', '2026-04-03 22:46:37.280287+07');
INSERT INTO public.django_migrations VALUES (27, 'core', '0009_user_avatar_alter_sanpham_anh_sp', '2026-04-03 23:55:28.531287+07');
INSERT INTO public.django_migrations VALUES (28, 'core', '0010_bannertrangchu', '2026-04-04 14:22:18.523185+07');
INSERT INTO public.django_migrations VALUES (29, 'core', '0011_alter_tintuc_options', '2026-04-04 14:49:57.274235+07');
INSERT INTO public.django_migrations VALUES (30, 'core', '0012_doitacb2b_hosoungvien_lienhegopy', '2026-04-08 22:48:12.190359+07');
INSERT INTO public.django_migrations VALUES (31, 'core', '0013_danhmucmart_sanphammart', '2026-04-08 23:41:02.330747+07');
INSERT INTO public.django_migrations VALUES (32, 'core', '0014_danhgiasanpham', '2026-04-08 23:45:38.891073+07');
INSERT INTO public.django_migrations VALUES (33, 'core', '0015_alter_user_role', '2026-04-09 19:47:38.745019+07');
INSERT INTO public.django_migrations VALUES (34, 'core', '0016_alter_banggianhienlieu_options_alter_bonchua_options_and_more', '2026-04-13 16:35:35.987303+07');
INSERT INTO public.django_migrations VALUES (35, 'core', '0017_danhmucdichvu_remove_sanphammart_danh_muc_and_more', '2026-04-15 17:45:40.13569+07');
INSERT INTO public.django_migrations VALUES (36, 'core', '0018_alter_banggianhienlieu_options_and_more', '2026-04-15 18:04:35.871384+07');
INSERT INTO public.django_migrations VALUES (37, 'core', '0019_bonchua_loai_san_pham_alter_bonchua_loai_nhien_lieu', '2026-04-15 19:00:26.681152+07');
INSERT INTO public.django_migrations VALUES (38, 'core', '0020_delete_bannertrangchu', '2026-04-15 20:13:50.14631+07');
INSERT INTO public.django_migrations VALUES (39, 'core', '0021_remove_sanphamdichvu_danh_muc_and_more', '2026-04-15 23:09:23.453203+07');
INSERT INTO public.django_migrations VALUES (40, 'core', '0022_danhgiatram_delete_danhgiasanpham', '2026-04-16 05:36:44.255931+07');
INSERT INTO public.django_migrations VALUES (41, 'core', '0023_hoadon_email_nhan_hd_hoadon_ma_so_thue_and_more', '2026-04-16 09:31:04.426683+07');
INSERT INTO public.django_migrations VALUES (42, 'core', '0024_calamviec_tong_so_lit_ban_calamviec_tong_tien_thu_and_more', '2026-04-16 11:14:57.852015+07');
INSERT INTO public.django_migrations VALUES (43, 'account', '0001_initial', '2026-04-29 00:03:05.505587+07');
INSERT INTO public.django_migrations VALUES (44, 'account', '0002_email_max_length', '2026-04-29 00:03:05.522225+07');
INSERT INTO public.django_migrations VALUES (45, 'account', '0003_alter_emailaddress_create_unique_verified_email', '2026-04-29 00:03:05.551352+07');
INSERT INTO public.django_migrations VALUES (46, 'account', '0004_alter_emailaddress_drop_unique_email', '2026-04-29 00:03:05.601876+07');
INSERT INTO public.django_migrations VALUES (47, 'account', '0005_emailaddress_idx_upper_email', '2026-04-29 00:03:05.625842+07');
INSERT INTO public.django_migrations VALUES (48, 'account', '0006_emailaddress_lower', '2026-04-29 00:03:05.653564+07');
INSERT INTO public.django_migrations VALUES (49, 'account', '0007_emailaddress_idx_email', '2026-04-29 00:03:05.678645+07');
INSERT INTO public.django_migrations VALUES (50, 'account', '0008_emailaddress_unique_primary_email_fixup', '2026-04-29 00:03:05.700853+07');
INSERT INTO public.django_migrations VALUES (51, 'account', '0009_emailaddress_unique_primary_email', '2026-04-29 00:03:05.713818+07');
INSERT INTO public.django_migrations VALUES (52, 'sites', '0001_initial', '2026-04-29 00:03:05.720646+07');
INSERT INTO public.django_migrations VALUES (53, 'sites', '0002_alter_domain_unique', '2026-04-29 00:03:05.727227+07');
INSERT INTO public.django_migrations VALUES (54, 'socialaccount', '0001_initial', '2026-04-29 00:03:05.817424+07');
INSERT INTO public.django_migrations VALUES (55, 'socialaccount', '0002_token_max_lengths', '2026-04-29 00:03:05.840985+07');
INSERT INTO public.django_migrations VALUES (56, 'socialaccount', '0003_extra_data_default_dict', '2026-04-29 00:03:05.852444+07');
INSERT INTO public.django_migrations VALUES (57, 'socialaccount', '0004_app_provider_id_settings', '2026-04-29 00:03:05.873798+07');
INSERT INTO public.django_migrations VALUES (58, 'socialaccount', '0005_socialtoken_nullable_app', '2026-04-29 00:03:05.898789+07');
INSERT INTO public.django_migrations VALUES (59, 'socialaccount', '0006_alter_socialaccount_extra_data', '2026-04-29 00:03:05.919602+07');
INSERT INTO public.django_migrations VALUES (60, 'core', '0025_danhgiatram_user', '2026-04-29 17:29:00.311676+07');
INSERT INTO public.django_migrations VALUES (61, 'core', '0026_alter_user_role', '2026-04-29 20:29:08.863262+07');


--
-- TOC entry 5385 (class 0 OID 17862)
-- Dependencies: 259
-- Data for Name: django_session; Type: TABLE DATA; Schema: public; Owner: -
--

INSERT INTO public.django_session VALUES ('vnhxms8zsk2tbvnx9auqagalj9lr1ijf', 'e30:1wAWDZ:VpfhdVUBI0ZYLART_y5J2T7WsXtJ0w202-7eMzIy77s', '2026-04-22 23:57:29.871818+07');
INSERT INTO public.django_session VALUES ('tz66bu4him93nu9orcm9b6wd9x5roqo3', '.eJxVjDsOwjAQRO_iGln-4oSSnjNY410HB5AjxUmFuDuJlAKaKea9mbeIWJcS15bnOLK4iLM4_XYJ9Mx1B_xAvU-SprrMY5K7Ig_a5G3i_Loe7t9BQSvb2lpL0IqZgcECmpXxRNxZpxBC9smg16b3IficvFJu0Ai8ZeicIRafL_p1OBM:1wDI4L:QlxX0A8kg37kdJuLWidiYHNtGeodRm8mTQzhGAbgIgM', '2026-04-30 15:27:25.350937+07');
INSERT INTO public.django_session VALUES ('l4l4bv86jmptmxplmwom66ilimexfpbj', '.eJxVjMEOwiAQRP-FsyFl2W2LR-_9BgJlkaqBpLQn479Lkx70NMmbN_MW1u1bsnvl1S5BXIUSl1_m3fzkfBTh4fK9yLnkbV28PBR5tlVOJfDrdrp_B8nV1NbgWREFGnuElpGi8oF47Nj3g9K6Q0AAMNFHMKRjM4aoGgyIyiCIzxfLhTbk:1wDILB:uu1PkDDhURW4y_isWyQr65fkngcfysczjn0O22_PAWU', '2026-04-30 15:44:49.879108+07');
INSERT INTO public.django_session VALUES ('h0rshjc0uq74iul0ke1sgycpz975k532', '.eJxVT8tugzAQ_Jc9I-T3Ym7tb1QVWmwTrFJcYZNLlH-vSbigvazmpZkHkHNpX8tAe5nDWqKjEtM6_IYyJ5-h_3rA-4cecnKRltMBDVCBniOitFZI0QomFOqugb8t3aMPW7XcUrotoWr3eCRwbnTHFaKWVhlldT0Dz-8GXgWGPYdteCsZXMCR3E9YD4aW5YDbs0f70px0bj8uOz5P1yVqpjzXHKGMQ_QYRi8DKkNMOjepOsExK3mnzcg6byYvhSUvJ2PJWctQjVIorWrtf1LQZg8:1wHmjY:kbjmnT2GrCjFmgDIKfNhNe8JDyqVNT3l-3G9tAUPraI', '2026-05-13 01:00:32.208503+07');
INSERT INTO public.django_session VALUES ('yjqfxd9tvga5bf4esb3zqykjv5tdlni3', '.eJxVjMEOwiAQRP-FsyFl2W2LR-_9BgJlkaqBpLQn479Lkx70NMmbN_MW1u1bsnvl1S5BXIUSl1_m3fzkfBTh4fK9yLnkbV28PBR5tlVOJfDrdrp_B8nV1NbgWREFGnuElpGi8oF47Nj3g9K6Q0AAMNFHMKRjM4aoGgyIyiCIzxfLhTbk:1wK32e:VXpHouw6yGYWnmMIL78g8QWZQFQLFKLVSjjikkreF3g', '2026-05-19 06:49:36.165507+07');
INSERT INTO public.django_session VALUES ('e4l663j1gea45kv0obiq48c4cinep3v6', '.eJxVjMEOwiAQRP-FsyFl2W2LR-_9BgJlkaqBpLQn479Lkx70NMmbN_MW1u1bsnvl1S5BXIUSl1_m3fzkfBTh4fK9yLnkbV28PBR5tlVOJfDrdrp_B8nV1NbgWREFGnuElpGi8oF47Nj3g9K6Q0AAMNFHMKRjM4aoGgyIyiCIzxfLhTbk:1wKCBf:QjkQ_mTXI2JPBUwJFdkrVhtam2v49WlNr91XazO_LSg', '2026-05-19 16:35:31.324388+07');


--
-- TOC entry 5403 (class 0 OID 25972)
-- Dependencies: 277
-- Data for Name: django_site; Type: TABLE DATA; Schema: public; Owner: -
--

INSERT INTO public.django_site VALUES (1, '127.0.0.1:8000', 'GSMS');


--
-- TOC entry 5405 (class 0 OID 25984)
-- Dependencies: 279
-- Data for Name: socialaccount_socialaccount; Type: TABLE DATA; Schema: public; Owner: -
--

INSERT INTO public.socialaccount_socialaccount VALUES (2, 'google', '116581477539464959596', '2026-04-29 23:56:49.22014+07', '2026-04-29 20:31:47.046163+07', '{"aud": "292668619705-nctkobebe8d0s1jjors9th17hpj8lvc5.apps.googleusercontent.com", "azp": "292668619705-nctkobebe8d0s1jjors9th17hpj8lvc5.apps.googleusercontent.com", "exp": 1777485409, "iat": 1777481809, "iss": "https://accounts.google.com", "sub": "116581477539464959596", "name": "The Dream Football TV", "email": "vusummer99@gmail.com", "at_hash": "-q0thpL1kE4-GvCCf5Avqg", "picture": "https://lh3.googleusercontent.com/a/ACg8ocIv8J2jjTfIwskUhgoepEegHtsA6Gu88S38AEmiJV6eIoc5oKo=s96-c", "given_name": "The Dream", "family_name": "Football TV", "email_verified": true}', 11);


--
-- TOC entry 5407 (class 0 OID 25999)
-- Dependencies: 281
-- Data for Name: socialaccount_socialapp; Type: TABLE DATA; Schema: public; Owner: -
--

INSERT INTO public.socialaccount_socialapp VALUES (2, 'google', 'Google Login', '292668619705-nctkobebe8d0s1jjors9th17hpj8lvc5.apps.googleusercontent.com', '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', '', '', '{}');


--
-- TOC entry 5409 (class 0 OID 26011)
-- Dependencies: 283
-- Data for Name: socialaccount_socialapp_sites; Type: TABLE DATA; Schema: public; Owner: -
--

INSERT INTO public.socialaccount_socialapp_sites VALUES (4, 2, 1);


--
-- TOC entry 5411 (class 0 OID 26020)
-- Dependencies: 285
-- Data for Name: socialaccount_socialtoken; Type: TABLE DATA; Schema: public; Owner: -
--



--
-- TOC entry 5417 (class 0 OID 0)
-- Dependencies: 272
-- Name: account_emailaddress_id_seq; Type: SEQUENCE SET; Schema: public; Owner: -
--

SELECT pg_catalog.setval('public.account_emailaddress_id_seq', 2, true);


--
-- TOC entry 5418 (class 0 OID 0)
-- Dependencies: 274
-- Name: account_emailconfirmation_id_seq; Type: SEQUENCE SET; Schema: public; Owner: -
--

SELECT pg_catalog.setval('public.account_emailconfirmation_id_seq', 1, false);


--
-- TOC entry 5419 (class 0 OID 0)
-- Dependencies: 225
-- Name: auth_group_id_seq; Type: SEQUENCE SET; Schema: public; Owner: -
--

SELECT pg_catalog.setval('public.auth_group_id_seq', 1, false);


--
-- TOC entry 5420 (class 0 OID 0)
-- Dependencies: 227
-- Name: auth_group_permissions_id_seq; Type: SEQUENCE SET; Schema: public; Owner: -
--

SELECT pg_catalog.setval('public.auth_group_permissions_id_seq', 1, false);


--
-- TOC entry 5421 (class 0 OID 0)
-- Dependencies: 223
-- Name: auth_permission_id_seq; Type: SEQUENCE SET; Schema: public; Owner: -
--

SELECT pg_catalog.setval('public.auth_permission_id_seq', 140, true);


--
-- TOC entry 5422 (class 0 OID 0)
-- Dependencies: 257
-- Name: core_banggianhienlieu_id_seq; Type: SEQUENCE SET; Schema: public; Owner: -
--

SELECT pg_catalog.setval('public.core_banggianhienlieu_id_seq', 4, true);


--
-- TOC entry 5423 (class 0 OID 0)
-- Dependencies: 229
-- Name: core_bonchua_id_seq; Type: SEQUENCE SET; Schema: public; Owner: -
--

SELECT pg_catalog.setval('public.core_bonchua_id_seq', 219, true);


--
-- TOC entry 5424 (class 0 OID 0)
-- Dependencies: 268
-- Name: core_calamviec_id_seq; Type: SEQUENCE SET; Schema: public; Owner: -
--

SELECT pg_catalog.setval('public.core_calamviec_id_seq', 10, true);


--
-- TOC entry 5425 (class 0 OID 0)
-- Dependencies: 247
-- Name: core_chitiethoadon_id_seq; Type: SEQUENCE SET; Schema: public; Owner: -
--

SELECT pg_catalog.setval('public.core_chitiethoadon_id_seq', 39, true);


--
-- TOC entry 5426 (class 0 OID 0)
-- Dependencies: 266
-- Name: core_danhgiatram_id_seq; Type: SEQUENCE SET; Schema: public; Owner: -
--

SELECT pg_catalog.setval('public.core_danhgiatram_id_seq', 9, true);


--
-- TOC entry 5427 (class 0 OID 0)
-- Dependencies: 231
-- Name: core_danhmuc_id_seq; Type: SEQUENCE SET; Schema: public; Owner: -
--

SELECT pg_catalog.setval('public.core_danhmuc_id_seq', 4, true);


--
-- TOC entry 5428 (class 0 OID 0)
-- Dependencies: 260
-- Name: core_doitacb2b_id_seq; Type: SEQUENCE SET; Schema: public; Owner: -
--

SELECT pg_catalog.setval('public.core_doitacb2b_id_seq', 2, true);


--
-- TOC entry 5429 (class 0 OID 0)
-- Dependencies: 245
-- Name: core_hoadon_id_seq; Type: SEQUENCE SET; Schema: public; Owner: -
--

SELECT pg_catalog.setval('public.core_hoadon_id_seq', 39, true);


--
-- TOC entry 5430 (class 0 OID 0)
-- Dependencies: 262
-- Name: core_hosoungvien_id_seq; Type: SEQUENCE SET; Schema: public; Owner: -
--

SELECT pg_catalog.setval('public.core_hosoungvien_id_seq', 2, true);


--
-- TOC entry 5431 (class 0 OID 0)
-- Dependencies: 264
-- Name: core_lienhegopy_id_seq; Type: SEQUENCE SET; Schema: public; Owner: -
--

SELECT pg_catalog.setval('public.core_lienhegopy_id_seq', 7, true);


--
-- TOC entry 5432 (class 0 OID 0)
-- Dependencies: 233
-- Name: core_nhacungcap_id_seq; Type: SEQUENCE SET; Schema: public; Owner: -
--

SELECT pg_catalog.setval('public.core_nhacungcap_id_seq', 3, true);


--
-- TOC entry 5433 (class 0 OID 0)
-- Dependencies: 270
-- Name: core_noptiengiuaca_id_seq; Type: SEQUENCE SET; Schema: public; Owner: -
--

SELECT pg_catalog.setval('public.core_noptiengiuaca_id_seq', 1, false);


--
-- TOC entry 5434 (class 0 OID 0)
-- Dependencies: 249
-- Name: core_phieunhap_id_seq; Type: SEQUENCE SET; Schema: public; Owner: -
--

SELECT pg_catalog.setval('public.core_phieunhap_id_seq', 10, true);


--
-- TOC entry 5435 (class 0 OID 0)
-- Dependencies: 251
-- Name: core_sanpham_id_seq; Type: SEQUENCE SET; Schema: public; Owner: -
--

SELECT pg_catalog.setval('public.core_sanpham_id_seq', 8, true);


--
-- TOC entry 5436 (class 0 OID 0)
-- Dependencies: 235
-- Name: core_tintuc_id_seq; Type: SEQUENCE SET; Schema: public; Owner: -
--

SELECT pg_catalog.setval('public.core_tintuc_id_seq', 1, true);


--
-- TOC entry 5437 (class 0 OID 0)
-- Dependencies: 237
-- Name: core_tramxang_id_seq; Type: SEQUENCE SET; Schema: public; Owner: -
--

SELECT pg_catalog.setval('public.core_tramxang_id_seq', 54, true);


--
-- TOC entry 5438 (class 0 OID 0)
-- Dependencies: 241
-- Name: core_user_groups_id_seq; Type: SEQUENCE SET; Schema: public; Owner: -
--

SELECT pg_catalog.setval('public.core_user_groups_id_seq', 1, false);


--
-- TOC entry 5439 (class 0 OID 0)
-- Dependencies: 239
-- Name: core_user_id_seq; Type: SEQUENCE SET; Schema: public; Owner: -
--

SELECT pg_catalog.setval('public.core_user_id_seq', 15, true);


--
-- TOC entry 5440 (class 0 OID 0)
-- Dependencies: 243
-- Name: core_user_user_permissions_id_seq; Type: SEQUENCE SET; Schema: public; Owner: -
--

SELECT pg_catalog.setval('public.core_user_user_permissions_id_seq', 1, false);


--
-- TOC entry 5441 (class 0 OID 0)
-- Dependencies: 255
-- Name: core_yeucaunhaphang_id_seq; Type: SEQUENCE SET; Schema: public; Owner: -
--

SELECT pg_catalog.setval('public.core_yeucaunhaphang_id_seq', 4, true);


--
-- TOC entry 5442 (class 0 OID 0)
-- Dependencies: 253
-- Name: django_admin_log_id_seq; Type: SEQUENCE SET; Schema: public; Owner: -
--

SELECT pg_catalog.setval('public.django_admin_log_id_seq', 1, false);


--
-- TOC entry 5443 (class 0 OID 0)
-- Dependencies: 221
-- Name: django_content_type_id_seq; Type: SEQUENCE SET; Schema: public; Owner: -
--

SELECT pg_catalog.setval('public.django_content_type_id_seq', 35, true);


--
-- TOC entry 5444 (class 0 OID 0)
-- Dependencies: 219
-- Name: django_migrations_id_seq; Type: SEQUENCE SET; Schema: public; Owner: -
--

SELECT pg_catalog.setval('public.django_migrations_id_seq', 61, true);


--
-- TOC entry 5445 (class 0 OID 0)
-- Dependencies: 276
-- Name: django_site_id_seq; Type: SEQUENCE SET; Schema: public; Owner: -
--

SELECT pg_catalog.setval('public.django_site_id_seq', 1, true);


--
-- TOC entry 5446 (class 0 OID 0)
-- Dependencies: 278
-- Name: socialaccount_socialaccount_id_seq; Type: SEQUENCE SET; Schema: public; Owner: -
--

SELECT pg_catalog.setval('public.socialaccount_socialaccount_id_seq', 2, true);


--
-- TOC entry 5447 (class 0 OID 0)
-- Dependencies: 280
-- Name: socialaccount_socialapp_id_seq; Type: SEQUENCE SET; Schema: public; Owner: -
--

SELECT pg_catalog.setval('public.socialaccount_socialapp_id_seq', 2, true);


--
-- TOC entry 5448 (class 0 OID 0)
-- Dependencies: 282
-- Name: socialaccount_socialapp_sites_id_seq; Type: SEQUENCE SET; Schema: public; Owner: -
--

SELECT pg_catalog.setval('public.socialaccount_socialapp_sites_id_seq', 5, true);


--
-- TOC entry 5449 (class 0 OID 0)
-- Dependencies: 284
-- Name: socialaccount_socialtoken_id_seq; Type: SEQUENCE SET; Schema: public; Owner: -
--

SELECT pg_catalog.setval('public.socialaccount_socialtoken_id_seq', 1, false);


--
-- TOC entry 5130 (class 2606 OID 25931)
-- Name: account_emailaddress account_emailaddress_pkey; Type: CONSTRAINT; Schema: public; Owner: -
--

ALTER TABLE ONLY public.account_emailaddress
    ADD CONSTRAINT account_emailaddress_pkey PRIMARY KEY (id);


--
-- TOC entry 5133 (class 2606 OID 25965)
-- Name: account_emailaddress account_emailaddress_user_id_email_987c8728_uniq; Type: CONSTRAINT; Schema: public; Owner: -
--

ALTER TABLE ONLY public.account_emailaddress
    ADD CONSTRAINT account_emailaddress_user_id_email_987c8728_uniq UNIQUE (user_id, email);


--
-- TOC entry 5139 (class 2606 OID 25945)
-- Name: account_emailconfirmation account_emailconfirmation_key_key; Type: CONSTRAINT; Schema: public; Owner: -
--

ALTER TABLE ONLY public.account_emailconfirmation
    ADD CONSTRAINT account_emailconfirmation_key_key UNIQUE (key);


--
-- TOC entry 5141 (class 2606 OID 25943)
-- Name: account_emailconfirmation account_emailconfirmation_pkey; Type: CONSTRAINT; Schema: public; Owner: -
--

ALTER TABLE ONLY public.account_emailconfirmation
    ADD CONSTRAINT account_emailconfirmation_pkey PRIMARY KEY (id);


--
-- TOC entry 5034 (class 2606 OID 17566)
-- Name: auth_group auth_group_name_key; Type: CONSTRAINT; Schema: public; Owner: -
--

ALTER TABLE ONLY public.auth_group
    ADD CONSTRAINT auth_group_name_key UNIQUE (name);


--
-- TOC entry 5039 (class 2606 OID 17551)
-- Name: auth_group_permissions auth_group_permissions_group_id_permission_id_0cd325b0_uniq; Type: CONSTRAINT; Schema: public; Owner: -
--

ALTER TABLE ONLY public.auth_group_permissions
    ADD CONSTRAINT auth_group_permissions_group_id_permission_id_0cd325b0_uniq UNIQUE (group_id, permission_id);


--
-- TOC entry 5042 (class 2606 OID 17540)
-- Name: auth_group_permissions auth_group_permissions_pkey; Type: CONSTRAINT; Schema: public; Owner: -
--

ALTER TABLE ONLY public.auth_group_permissions
    ADD CONSTRAINT auth_group_permissions_pkey PRIMARY KEY (id);


--
-- TOC entry 5036 (class 2606 OID 17529)
-- Name: auth_group auth_group_pkey; Type: CONSTRAINT; Schema: public; Owner: -
--

ALTER TABLE ONLY public.auth_group
    ADD CONSTRAINT auth_group_pkey PRIMARY KEY (id);


--
-- TOC entry 5029 (class 2606 OID 17542)
-- Name: auth_permission auth_permission_content_type_id_codename_01ab375a_uniq; Type: CONSTRAINT; Schema: public; Owner: -
--

ALTER TABLE ONLY public.auth_permission
    ADD CONSTRAINT auth_permission_content_type_id_codename_01ab375a_uniq UNIQUE (content_type_id, codename);


--
-- TOC entry 5031 (class 2606 OID 17521)
-- Name: auth_permission auth_permission_pkey; Type: CONSTRAINT; Schema: public; Owner: -
--

ALTER TABLE ONLY public.auth_permission
    ADD CONSTRAINT auth_permission_pkey PRIMARY KEY (id);


--
-- TOC entry 5103 (class 2606 OID 17860)
-- Name: core_banggianhienlieu core_banggianhienlieu_loai_nhien_lieu_key; Type: CONSTRAINT; Schema: public; Owner: -
--

ALTER TABLE ONLY public.core_banggianhienlieu
    ADD CONSTRAINT core_banggianhienlieu_loai_nhien_lieu_key UNIQUE (loai_nhien_lieu);


--
-- TOC entry 5105 (class 2606 OID 17858)
-- Name: core_banggianhienlieu core_banggianhienlieu_pkey; Type: CONSTRAINT; Schema: public; Owner: -
--

ALTER TABLE ONLY public.core_banggianhienlieu
    ADD CONSTRAINT core_banggianhienlieu_pkey PRIMARY KEY (id);


--
-- TOC entry 5045 (class 2606 OID 17579)
-- Name: core_bonchua core_bonchua_pkey; Type: CONSTRAINT; Schema: public; Owner: -
--

ALTER TABLE ONLY public.core_bonchua
    ADD CONSTRAINT core_bonchua_pkey PRIMARY KEY (id);


--
-- TOC entry 5122 (class 2606 OID 25881)
-- Name: core_calamviec core_calamviec_pkey; Type: CONSTRAINT; Schema: public; Owner: -
--

ALTER TABLE ONLY public.core_calamviec
    ADD CONSTRAINT core_calamviec_pkey PRIMARY KEY (id);


--
-- TOC entry 5082 (class 2606 OID 17690)
-- Name: core_chitiethoadon core_chitiethoadon_pkey; Type: CONSTRAINT; Schema: public; Owner: -
--

ALTER TABLE ONLY public.core_chitiethoadon
    ADD CONSTRAINT core_chitiethoadon_pkey PRIMARY KEY (id);


--
-- TOC entry 5117 (class 2606 OID 25859)
-- Name: core_danhgiatram core_danhgiatram_pkey; Type: CONSTRAINT; Schema: public; Owner: -
--

ALTER TABLE ONLY public.core_danhgiatram
    ADD CONSTRAINT core_danhgiatram_pkey PRIMARY KEY (id);


--
-- TOC entry 5048 (class 2606 OID 17587)
-- Name: core_danhmuc core_danhmuc_pkey; Type: CONSTRAINT; Schema: public; Owner: -
--

ALTER TABLE ONLY public.core_danhmuc
    ADD CONSTRAINT core_danhmuc_pkey PRIMARY KEY (id);


--
-- TOC entry 5111 (class 2606 OID 25734)
-- Name: core_doitacb2b core_doitacb2b_pkey; Type: CONSTRAINT; Schema: public; Owner: -
--

ALTER TABLE ONLY public.core_doitacb2b
    ADD CONSTRAINT core_doitacb2b_pkey PRIMARY KEY (id);


--
-- TOC entry 5076 (class 2606 OID 17678)
-- Name: core_hoadon core_hoadon_ma_hd_key; Type: CONSTRAINT; Schema: public; Owner: -
--

ALTER TABLE ONLY public.core_hoadon
    ADD CONSTRAINT core_hoadon_ma_hd_key UNIQUE (ma_hd);


--
-- TOC entry 5079 (class 2606 OID 17676)
-- Name: core_hoadon core_hoadon_pkey; Type: CONSTRAINT; Schema: public; Owner: -
--

ALTER TABLE ONLY public.core_hoadon
    ADD CONSTRAINT core_hoadon_pkey PRIMARY KEY (id);


--
-- TOC entry 5113 (class 2606 OID 25749)
-- Name: core_hosoungvien core_hosoungvien_pkey; Type: CONSTRAINT; Schema: public; Owner: -
--

ALTER TABLE ONLY public.core_hosoungvien
    ADD CONSTRAINT core_hosoungvien_pkey PRIMARY KEY (id);


--
-- TOC entry 5115 (class 2606 OID 25764)
-- Name: core_lienhegopy core_lienhegopy_pkey; Type: CONSTRAINT; Schema: public; Owner: -
--

ALTER TABLE ONLY public.core_lienhegopy
    ADD CONSTRAINT core_lienhegopy_pkey PRIMARY KEY (id);


--
-- TOC entry 5050 (class 2606 OID 17599)
-- Name: core_nhacungcap core_nhacungcap_pkey; Type: CONSTRAINT; Schema: public; Owner: -
--

ALTER TABLE ONLY public.core_nhacungcap
    ADD CONSTRAINT core_nhacungcap_pkey PRIMARY KEY (id);


--
-- TOC entry 5126 (class 2606 OID 25892)
-- Name: core_noptiengiuaca core_noptiengiuaca_pkey; Type: CONSTRAINT; Schema: public; Owner: -
--

ALTER TABLE ONLY public.core_noptiengiuaca
    ADD CONSTRAINT core_noptiengiuaca_pkey PRIMARY KEY (id);


--
-- TOC entry 5086 (class 2606 OID 17705)
-- Name: core_phieunhap core_phieunhap_ma_pn_key; Type: CONSTRAINT; Schema: public; Owner: -
--

ALTER TABLE ONLY public.core_phieunhap
    ADD CONSTRAINT core_phieunhap_ma_pn_key UNIQUE (ma_pn);


--
-- TOC entry 5089 (class 2606 OID 17703)
-- Name: core_phieunhap core_phieunhap_pkey; Type: CONSTRAINT; Schema: public; Owner: -
--

ALTER TABLE ONLY public.core_phieunhap
    ADD CONSTRAINT core_phieunhap_pkey PRIMARY KEY (id);


--
-- TOC entry 5092 (class 2606 OID 17719)
-- Name: core_sanpham core_sanpham_pkey; Type: CONSTRAINT; Schema: public; Owner: -
--

ALTER TABLE ONLY public.core_sanpham
    ADD CONSTRAINT core_sanpham_pkey PRIMARY KEY (id);


--
-- TOC entry 5052 (class 2606 OID 17613)
-- Name: core_tintuc core_tintuc_pkey; Type: CONSTRAINT; Schema: public; Owner: -
--

ALTER TABLE ONLY public.core_tintuc
    ADD CONSTRAINT core_tintuc_pkey PRIMARY KEY (id);


--
-- TOC entry 5054 (class 2606 OID 17624)
-- Name: core_tramxang core_tramxang_pkey; Type: CONSTRAINT; Schema: public; Owner: -
--

ALTER TABLE ONLY public.core_tramxang
    ADD CONSTRAINT core_tramxang_pkey PRIMARY KEY (id);


--
-- TOC entry 5063 (class 2606 OID 17656)
-- Name: core_user_groups core_user_groups_pkey; Type: CONSTRAINT; Schema: public; Owner: -
--

ALTER TABLE ONLY public.core_user_groups
    ADD CONSTRAINT core_user_groups_pkey PRIMARY KEY (id);


--
-- TOC entry 5066 (class 2606 OID 17728)
-- Name: core_user_groups core_user_groups_user_id_group_id_c82fcad1_uniq; Type: CONSTRAINT; Schema: public; Owner: -
--

ALTER TABLE ONLY public.core_user_groups
    ADD CONSTRAINT core_user_groups_user_id_group_id_c82fcad1_uniq UNIQUE (user_id, group_id);


--
-- TOC entry 5056 (class 2606 OID 17645)
-- Name: core_user core_user_pkey; Type: CONSTRAINT; Schema: public; Owner: -
--

ALTER TABLE ONLY public.core_user
    ADD CONSTRAINT core_user_pkey PRIMARY KEY (id);


--
-- TOC entry 5069 (class 2606 OID 17665)
-- Name: core_user_user_permissions core_user_user_permissions_pkey; Type: CONSTRAINT; Schema: public; Owner: -
--

ALTER TABLE ONLY public.core_user_user_permissions
    ADD CONSTRAINT core_user_user_permissions_pkey PRIMARY KEY (id);


--
-- TOC entry 5072 (class 2606 OID 17742)
-- Name: core_user_user_permissions core_user_user_permissions_user_id_permission_id_73ea0daa_uniq; Type: CONSTRAINT; Schema: public; Owner: -
--

ALTER TABLE ONLY public.core_user_user_permissions
    ADD CONSTRAINT core_user_user_permissions_user_id_permission_id_73ea0daa_uniq UNIQUE (user_id, permission_id);


--
-- TOC entry 5060 (class 2606 OID 17647)
-- Name: core_user core_user_username_key; Type: CONSTRAINT; Schema: public; Owner: -
--

ALTER TABLE ONLY public.core_user
    ADD CONSTRAINT core_user_username_key UNIQUE (username);


--
-- TOC entry 5099 (class 2606 OID 17836)
-- Name: core_yeucaunhaphang core_yeucaunhaphang_pkey; Type: CONSTRAINT; Schema: public; Owner: -
--

ALTER TABLE ONLY public.core_yeucaunhaphang
    ADD CONSTRAINT core_yeucaunhaphang_pkey PRIMARY KEY (id);


--
-- TOC entry 5095 (class 2606 OID 17802)
-- Name: django_admin_log django_admin_log_pkey; Type: CONSTRAINT; Schema: public; Owner: -
--

ALTER TABLE ONLY public.django_admin_log
    ADD CONSTRAINT django_admin_log_pkey PRIMARY KEY (id);


--
-- TOC entry 5024 (class 2606 OID 17511)
-- Name: django_content_type django_content_type_app_label_model_76bd3d3b_uniq; Type: CONSTRAINT; Schema: public; Owner: -
--

ALTER TABLE ONLY public.django_content_type
    ADD CONSTRAINT django_content_type_app_label_model_76bd3d3b_uniq UNIQUE (app_label, model);


--
-- TOC entry 5026 (class 2606 OID 17509)
-- Name: django_content_type django_content_type_pkey; Type: CONSTRAINT; Schema: public; Owner: -
--

ALTER TABLE ONLY public.django_content_type
    ADD CONSTRAINT django_content_type_pkey PRIMARY KEY (id);


--
-- TOC entry 5022 (class 2606 OID 17499)
-- Name: django_migrations django_migrations_pkey; Type: CONSTRAINT; Schema: public; Owner: -
--

ALTER TABLE ONLY public.django_migrations
    ADD CONSTRAINT django_migrations_pkey PRIMARY KEY (id);


--
-- TOC entry 5108 (class 2606 OID 17871)
-- Name: django_session django_session_pkey; Type: CONSTRAINT; Schema: public; Owner: -
--

ALTER TABLE ONLY public.django_session
    ADD CONSTRAINT django_session_pkey PRIMARY KEY (session_key);


--
-- TOC entry 5144 (class 2606 OID 25981)
-- Name: django_site django_site_domain_a2e37b91_uniq; Type: CONSTRAINT; Schema: public; Owner: -
--

ALTER TABLE ONLY public.django_site
    ADD CONSTRAINT django_site_domain_a2e37b91_uniq UNIQUE (domain);


--
-- TOC entry 5146 (class 2606 OID 25979)
-- Name: django_site django_site_pkey; Type: CONSTRAINT; Schema: public; Owner: -
--

ALTER TABLE ONLY public.django_site
    ADD CONSTRAINT django_site_pkey PRIMARY KEY (id);


--
-- TOC entry 5148 (class 2606 OID 25997)
-- Name: socialaccount_socialaccount socialaccount_socialaccount_pkey; Type: CONSTRAINT; Schema: public; Owner: -
--

ALTER TABLE ONLY public.socialaccount_socialaccount
    ADD CONSTRAINT socialaccount_socialaccount_pkey PRIMARY KEY (id);


--
-- TOC entry 5150 (class 2606 OID 26078)
-- Name: socialaccount_socialaccount socialaccount_socialaccount_provider_uid_fc810c6e_uniq; Type: CONSTRAINT; Schema: public; Owner: -
--

ALTER TABLE ONLY public.socialaccount_socialaccount
    ADD CONSTRAINT socialaccount_socialaccount_provider_uid_fc810c6e_uniq UNIQUE (provider, uid);


--
-- TOC entry 5155 (class 2606 OID 26043)
-- Name: socialaccount_socialapp_sites socialaccount_socialapp__socialapp_id_site_id_71a9a768_uniq; Type: CONSTRAINT; Schema: public; Owner: -
--

ALTER TABLE ONLY public.socialaccount_socialapp_sites
    ADD CONSTRAINT socialaccount_socialapp__socialapp_id_site_id_71a9a768_uniq UNIQUE (socialapp_id, site_id);


--
-- TOC entry 5153 (class 2606 OID 26009)
-- Name: socialaccount_socialapp socialaccount_socialapp_pkey; Type: CONSTRAINT; Schema: public; Owner: -
--

ALTER TABLE ONLY public.socialaccount_socialapp
    ADD CONSTRAINT socialaccount_socialapp_pkey PRIMARY KEY (id);


--
-- TOC entry 5157 (class 2606 OID 26018)
-- Name: socialaccount_socialapp_sites socialaccount_socialapp_sites_pkey; Type: CONSTRAINT; Schema: public; Owner: -
--

ALTER TABLE ONLY public.socialaccount_socialapp_sites
    ADD CONSTRAINT socialaccount_socialapp_sites_pkey PRIMARY KEY (id);


--
-- TOC entry 5163 (class 2606 OID 26033)
-- Name: socialaccount_socialtoken socialaccount_socialtoken_app_id_account_id_fca4e0ac_uniq; Type: CONSTRAINT; Schema: public; Owner: -
--

ALTER TABLE ONLY public.socialaccount_socialtoken
    ADD CONSTRAINT socialaccount_socialtoken_app_id_account_id_fca4e0ac_uniq UNIQUE (app_id, account_id);


--
-- TOC entry 5165 (class 2606 OID 26031)
-- Name: socialaccount_socialtoken socialaccount_socialtoken_pkey; Type: CONSTRAINT; Schema: public; Owner: -
--

ALTER TABLE ONLY public.socialaccount_socialtoken
    ADD CONSTRAINT socialaccount_socialtoken_pkey PRIMARY KEY (id);


--
-- TOC entry 5127 (class 1259 OID 25968)
-- Name: account_emailaddress_email_03be32b2; Type: INDEX; Schema: public; Owner: -
--

CREATE INDEX account_emailaddress_email_03be32b2 ON public.account_emailaddress USING btree (email);


--
-- TOC entry 5128 (class 1259 OID 25969)
-- Name: account_emailaddress_email_03be32b2_like; Type: INDEX; Schema: public; Owner: -
--

CREATE INDEX account_emailaddress_email_03be32b2_like ON public.account_emailaddress USING btree (email varchar_pattern_ops);


--
-- TOC entry 5131 (class 1259 OID 25952)
-- Name: account_emailaddress_user_id_2c513194; Type: INDEX; Schema: public; Owner: -
--

CREATE INDEX account_emailaddress_user_id_2c513194 ON public.account_emailaddress USING btree (user_id);


--
-- TOC entry 5136 (class 1259 OID 25959)
-- Name: account_emailconfirmation_email_address_id_5b7f8c58; Type: INDEX; Schema: public; Owner: -
--

CREATE INDEX account_emailconfirmation_email_address_id_5b7f8c58 ON public.account_emailconfirmation USING btree (email_address_id);


--
-- TOC entry 5137 (class 1259 OID 25958)
-- Name: account_emailconfirmation_key_f43612bd_like; Type: INDEX; Schema: public; Owner: -
--

CREATE INDEX account_emailconfirmation_key_f43612bd_like ON public.account_emailconfirmation USING btree (key varchar_pattern_ops);


--
-- TOC entry 5032 (class 1259 OID 17567)
-- Name: auth_group_name_a6ea08ec_like; Type: INDEX; Schema: public; Owner: -
--

CREATE INDEX auth_group_name_a6ea08ec_like ON public.auth_group USING btree (name varchar_pattern_ops);


--
-- TOC entry 5037 (class 1259 OID 17562)
-- Name: auth_group_permissions_group_id_b120cbf9; Type: INDEX; Schema: public; Owner: -
--

CREATE INDEX auth_group_permissions_group_id_b120cbf9 ON public.auth_group_permissions USING btree (group_id);


--
-- TOC entry 5040 (class 1259 OID 17563)
-- Name: auth_group_permissions_permission_id_84c5c92e; Type: INDEX; Schema: public; Owner: -
--

CREATE INDEX auth_group_permissions_permission_id_84c5c92e ON public.auth_group_permissions USING btree (permission_id);


--
-- TOC entry 5027 (class 1259 OID 17548)
-- Name: auth_permission_content_type_id_2f476e4b; Type: INDEX; Schema: public; Owner: -
--

CREATE INDEX auth_permission_content_type_id_2f476e4b ON public.auth_permission USING btree (content_type_id);


--
-- TOC entry 5101 (class 1259 OID 17861)
-- Name: core_banggianhienlieu_loai_nhien_lieu_bc7d19f7_like; Type: INDEX; Schema: public; Owner: -
--

CREATE INDEX core_banggianhienlieu_loai_nhien_lieu_bc7d19f7_like ON public.core_banggianhienlieu USING btree (loai_nhien_lieu varchar_pattern_ops);


--
-- TOC entry 5043 (class 1259 OID 25844)
-- Name: core_bonchua_loai_san_pham_id_7919447e; Type: INDEX; Schema: public; Owner: -
--

CREATE INDEX core_bonchua_loai_san_pham_id_7919447e ON public.core_bonchua USING btree (loai_san_pham_id);


--
-- TOC entry 5046 (class 1259 OID 17787)
-- Name: core_bonchua_tram_id_aad8f78b; Type: INDEX; Schema: public; Owner: -
--

CREATE INDEX core_bonchua_tram_id_aad8f78b ON public.core_bonchua USING btree (tram_id);


--
-- TOC entry 5120 (class 1259 OID 25903)
-- Name: core_calamviec_nhan_vien_id_24fb74e8; Type: INDEX; Schema: public; Owner: -
--

CREATE INDEX core_calamviec_nhan_vien_id_24fb74e8 ON public.core_calamviec USING btree (nhan_vien_id);


--
-- TOC entry 5123 (class 1259 OID 25904)
-- Name: core_calamviec_tram_id_34cd5df3; Type: INDEX; Schema: public; Owner: -
--

CREATE INDEX core_calamviec_tram_id_34cd5df3 ON public.core_calamviec USING btree (tram_id);


--
-- TOC entry 5080 (class 1259 OID 17767)
-- Name: core_chitiethoadon_hoa_don_id_5e5be2e5; Type: INDEX; Schema: public; Owner: -
--

CREATE INDEX core_chitiethoadon_hoa_don_id_5e5be2e5 ON public.core_chitiethoadon USING btree (hoa_don_id);


--
-- TOC entry 5118 (class 1259 OID 25865)
-- Name: core_danhgiatram_tram_id_d942a263; Type: INDEX; Schema: public; Owner: -
--

CREATE INDEX core_danhgiatram_tram_id_d942a263 ON public.core_danhgiatram USING btree (tram_id);


--
-- TOC entry 5119 (class 1259 OID 26100)
-- Name: core_danhgiatram_user_id_f1eb5188; Type: INDEX; Schema: public; Owner: -
--

CREATE INDEX core_danhgiatram_user_id_f1eb5188 ON public.core_danhgiatram USING btree (user_id);


--
-- TOC entry 5073 (class 1259 OID 25920)
-- Name: core_hoadon_ca_lam_viec_id_ce3c10d6; Type: INDEX; Schema: public; Owner: -
--

CREATE INDEX core_hoadon_ca_lam_viec_id_ce3c10d6 ON public.core_hoadon USING btree (ca_lam_viec_id);


--
-- TOC entry 5074 (class 1259 OID 17760)
-- Name: core_hoadon_ma_hd_73b5be32_like; Type: INDEX; Schema: public; Owner: -
--

CREATE INDEX core_hoadon_ma_hd_73b5be32_like ON public.core_hoadon USING btree (ma_hd varchar_pattern_ops);


--
-- TOC entry 5077 (class 1259 OID 17761)
-- Name: core_hoadon_nhan_vien_id_7dcf65ce; Type: INDEX; Schema: public; Owner: -
--

CREATE INDEX core_hoadon_nhan_vien_id_7dcf65ce ON public.core_hoadon USING btree (nhan_vien_id);


--
-- TOC entry 5124 (class 1259 OID 25910)
-- Name: core_noptiengiuaca_ca_lam_viec_id_1827a8be; Type: INDEX; Schema: public; Owner: -
--

CREATE INDEX core_noptiengiuaca_ca_lam_viec_id_1827a8be ON public.core_noptiengiuaca USING btree (ca_lam_viec_id);


--
-- TOC entry 5083 (class 1259 OID 17779)
-- Name: core_phieunhap_bon_chua_id_1463970a; Type: INDEX; Schema: public; Owner: -
--

CREATE INDEX core_phieunhap_bon_chua_id_1463970a ON public.core_phieunhap USING btree (bon_chua_id);


--
-- TOC entry 5084 (class 1259 OID 17778)
-- Name: core_phieunhap_ma_pn_63b0ac26_like; Type: INDEX; Schema: public; Owner: -
--

CREATE INDEX core_phieunhap_ma_pn_63b0ac26_like ON public.core_phieunhap USING btree (ma_pn varchar_pattern_ops);


--
-- TOC entry 5087 (class 1259 OID 17780)
-- Name: core_phieunhap_nha_cung_cap_id_7a4a13c4; Type: INDEX; Schema: public; Owner: -
--

CREATE INDEX core_phieunhap_nha_cung_cap_id_7a4a13c4 ON public.core_phieunhap USING btree (nha_cung_cap_id);


--
-- TOC entry 5090 (class 1259 OID 17786)
-- Name: core_sanpham_danh_muc_id_665470ba; Type: INDEX; Schema: public; Owner: -
--

CREATE INDEX core_sanpham_danh_muc_id_665470ba ON public.core_sanpham USING btree (danh_muc_id);


--
-- TOC entry 5061 (class 1259 OID 17740)
-- Name: core_user_groups_group_id_fe8c697f; Type: INDEX; Schema: public; Owner: -
--

CREATE INDEX core_user_groups_group_id_fe8c697f ON public.core_user_groups USING btree (group_id);


--
-- TOC entry 5064 (class 1259 OID 17739)
-- Name: core_user_groups_user_id_70b4d9b8; Type: INDEX; Schema: public; Owner: -
--

CREATE INDEX core_user_groups_user_id_70b4d9b8 ON public.core_user_groups USING btree (user_id);


--
-- TOC entry 5057 (class 1259 OID 17821)
-- Name: core_user_tram_xang_id_6d7716a3; Type: INDEX; Schema: public; Owner: -
--

CREATE INDEX core_user_tram_xang_id_6d7716a3 ON public.core_user USING btree (tram_xang_id);


--
-- TOC entry 5067 (class 1259 OID 17754)
-- Name: core_user_user_permissions_permission_id_35ccf601; Type: INDEX; Schema: public; Owner: -
--

CREATE INDEX core_user_user_permissions_permission_id_35ccf601 ON public.core_user_user_permissions USING btree (permission_id);


--
-- TOC entry 5070 (class 1259 OID 17753)
-- Name: core_user_user_permissions_user_id_085123d3; Type: INDEX; Schema: public; Owner: -
--

CREATE INDEX core_user_user_permissions_user_id_085123d3 ON public.core_user_user_permissions USING btree (user_id);


--
-- TOC entry 5058 (class 1259 OID 17726)
-- Name: core_user_username_36e4f7f7_like; Type: INDEX; Schema: public; Owner: -
--

CREATE INDEX core_user_username_36e4f7f7_like ON public.core_user USING btree (username varchar_pattern_ops);


--
-- TOC entry 5097 (class 1259 OID 17847)
-- Name: core_yeucaunhaphang_nguoi_yeu_cau_id_48b1deed; Type: INDEX; Schema: public; Owner: -
--

CREATE INDEX core_yeucaunhaphang_nguoi_yeu_cau_id_48b1deed ON public.core_yeucaunhaphang USING btree (nguoi_yeu_cau_id);


--
-- TOC entry 5100 (class 1259 OID 17848)
-- Name: core_yeucaunhaphang_tram_id_b77ae9d3; Type: INDEX; Schema: public; Owner: -
--

CREATE INDEX core_yeucaunhaphang_tram_id_b77ae9d3 ON public.core_yeucaunhaphang USING btree (tram_id);


--
-- TOC entry 5093 (class 1259 OID 17813)
-- Name: django_admin_log_content_type_id_c4bce8eb; Type: INDEX; Schema: public; Owner: -
--

CREATE INDEX django_admin_log_content_type_id_c4bce8eb ON public.django_admin_log USING btree (content_type_id);


--
-- TOC entry 5096 (class 1259 OID 17814)
-- Name: django_admin_log_user_id_c564eba6; Type: INDEX; Schema: public; Owner: -
--

CREATE INDEX django_admin_log_user_id_c564eba6 ON public.django_admin_log USING btree (user_id);


--
-- TOC entry 5106 (class 1259 OID 17873)
-- Name: django_session_expire_date_a5c62663; Type: INDEX; Schema: public; Owner: -
--

CREATE INDEX django_session_expire_date_a5c62663 ON public.django_session USING btree (expire_date);


--
-- TOC entry 5109 (class 1259 OID 17872)
-- Name: django_session_session_key_c0390e0f_like; Type: INDEX; Schema: public; Owner: -
--

CREATE INDEX django_session_session_key_c0390e0f_like ON public.django_session USING btree (session_key varchar_pattern_ops);


--
-- TOC entry 5142 (class 1259 OID 25982)
-- Name: django_site_domain_a2e37b91_like; Type: INDEX; Schema: public; Owner: -
--

CREATE INDEX django_site_domain_a2e37b91_like ON public.django_site USING btree (domain varchar_pattern_ops);


--
-- TOC entry 5151 (class 1259 OID 26041)
-- Name: socialaccount_socialaccount_user_id_8146e70c; Type: INDEX; Schema: public; Owner: -
--

CREATE INDEX socialaccount_socialaccount_user_id_8146e70c ON public.socialaccount_socialaccount USING btree (user_id);


--
-- TOC entry 5158 (class 1259 OID 26055)
-- Name: socialaccount_socialapp_sites_site_id_2579dee5; Type: INDEX; Schema: public; Owner: -
--

CREATE INDEX socialaccount_socialapp_sites_site_id_2579dee5 ON public.socialaccount_socialapp_sites USING btree (site_id);


--
-- TOC entry 5159 (class 1259 OID 26054)
-- Name: socialaccount_socialapp_sites_socialapp_id_97fb6e7d; Type: INDEX; Schema: public; Owner: -
--

CREATE INDEX socialaccount_socialapp_sites_socialapp_id_97fb6e7d ON public.socialaccount_socialapp_sites USING btree (socialapp_id);


--
-- TOC entry 5160 (class 1259 OID 26066)
-- Name: socialaccount_socialtoken_account_id_951f210e; Type: INDEX; Schema: public; Owner: -
--

CREATE INDEX socialaccount_socialtoken_account_id_951f210e ON public.socialaccount_socialtoken USING btree (account_id);


--
-- TOC entry 5161 (class 1259 OID 26067)
-- Name: socialaccount_socialtoken_app_id_636a42d7; Type: INDEX; Schema: public; Owner: -
--

CREATE INDEX socialaccount_socialtoken_app_id_636a42d7 ON public.socialaccount_socialtoken USING btree (app_id);


--
-- TOC entry 5134 (class 1259 OID 25970)
-- Name: unique_primary_email; Type: INDEX; Schema: public; Owner: -
--

CREATE UNIQUE INDEX unique_primary_email ON public.account_emailaddress USING btree (user_id, "primary") WHERE "primary";


--
-- TOC entry 5135 (class 1259 OID 25966)
-- Name: unique_verified_email; Type: INDEX; Schema: public; Owner: -
--

CREATE UNIQUE INDEX unique_verified_email ON public.account_emailaddress USING btree (email) WHERE verified;


--
-- TOC entry 5191 (class 2606 OID 25946)
-- Name: account_emailaddress account_emailaddress_user_id_2c513194_fk_core_user_id; Type: FK CONSTRAINT; Schema: public; Owner: -
--

ALTER TABLE ONLY public.account_emailaddress
    ADD CONSTRAINT account_emailaddress_user_id_2c513194_fk_core_user_id FOREIGN KEY (user_id) REFERENCES public.core_user(id) DEFERRABLE INITIALLY DEFERRED;


--
-- TOC entry 5192 (class 2606 OID 25953)
-- Name: account_emailconfirmation account_emailconfirm_email_address_id_5b7f8c58_fk_account_e; Type: FK CONSTRAINT; Schema: public; Owner: -
--

ALTER TABLE ONLY public.account_emailconfirmation
    ADD CONSTRAINT account_emailconfirm_email_address_id_5b7f8c58_fk_account_e FOREIGN KEY (email_address_id) REFERENCES public.account_emailaddress(id) DEFERRABLE INITIALLY DEFERRED;


--
-- TOC entry 5167 (class 2606 OID 17557)
-- Name: auth_group_permissions auth_group_permissio_permission_id_84c5c92e_fk_auth_perm; Type: FK CONSTRAINT; Schema: public; Owner: -
--

ALTER TABLE ONLY public.auth_group_permissions
    ADD CONSTRAINT auth_group_permissio_permission_id_84c5c92e_fk_auth_perm FOREIGN KEY (permission_id) REFERENCES public.auth_permission(id) DEFERRABLE INITIALLY DEFERRED;


--
-- TOC entry 5168 (class 2606 OID 17552)
-- Name: auth_group_permissions auth_group_permissions_group_id_b120cbf9_fk_auth_group_id; Type: FK CONSTRAINT; Schema: public; Owner: -
--

ALTER TABLE ONLY public.auth_group_permissions
    ADD CONSTRAINT auth_group_permissions_group_id_b120cbf9_fk_auth_group_id FOREIGN KEY (group_id) REFERENCES public.auth_group(id) DEFERRABLE INITIALLY DEFERRED;


--
-- TOC entry 5166 (class 2606 OID 17543)
-- Name: auth_permission auth_permission_content_type_id_2f476e4b_fk_django_co; Type: FK CONSTRAINT; Schema: public; Owner: -
--

ALTER TABLE ONLY public.auth_permission
    ADD CONSTRAINT auth_permission_content_type_id_2f476e4b_fk_django_co FOREIGN KEY (content_type_id) REFERENCES public.django_content_type(id) DEFERRABLE INITIALLY DEFERRED;


--
-- TOC entry 5169 (class 2606 OID 25839)
-- Name: core_bonchua core_bonchua_loai_san_pham_id_7919447e_fk_core_sanpham_id; Type: FK CONSTRAINT; Schema: public; Owner: -
--

ALTER TABLE ONLY public.core_bonchua
    ADD CONSTRAINT core_bonchua_loai_san_pham_id_7919447e_fk_core_sanpham_id FOREIGN KEY (loai_san_pham_id) REFERENCES public.core_sanpham(id) DEFERRABLE INITIALLY DEFERRED;


--
-- TOC entry 5170 (class 2606 OID 17721)
-- Name: core_bonchua core_bonchua_tram_id_aad8f78b_fk_core_tramxang_id; Type: FK CONSTRAINT; Schema: public; Owner: -
--

ALTER TABLE ONLY public.core_bonchua
    ADD CONSTRAINT core_bonchua_tram_id_aad8f78b_fk_core_tramxang_id FOREIGN KEY (tram_id) REFERENCES public.core_tramxang(id) DEFERRABLE INITIALLY DEFERRED;


--
-- TOC entry 5188 (class 2606 OID 25893)
-- Name: core_calamviec core_calamviec_nhan_vien_id_24fb74e8_fk_core_user_id; Type: FK CONSTRAINT; Schema: public; Owner: -
--

ALTER TABLE ONLY public.core_calamviec
    ADD CONSTRAINT core_calamviec_nhan_vien_id_24fb74e8_fk_core_user_id FOREIGN KEY (nhan_vien_id) REFERENCES public.core_user(id) DEFERRABLE INITIALLY DEFERRED;


--
-- TOC entry 5189 (class 2606 OID 25898)
-- Name: core_calamviec core_calamviec_tram_id_34cd5df3_fk_core_tramxang_id; Type: FK CONSTRAINT; Schema: public; Owner: -
--

ALTER TABLE ONLY public.core_calamviec
    ADD CONSTRAINT core_calamviec_tram_id_34cd5df3_fk_core_tramxang_id FOREIGN KEY (tram_id) REFERENCES public.core_tramxang(id) DEFERRABLE INITIALLY DEFERRED;


--
-- TOC entry 5178 (class 2606 OID 17762)
-- Name: core_chitiethoadon core_chitiethoadon_hoa_don_id_5e5be2e5_fk_core_hoadon_id; Type: FK CONSTRAINT; Schema: public; Owner: -
--

ALTER TABLE ONLY public.core_chitiethoadon
    ADD CONSTRAINT core_chitiethoadon_hoa_don_id_5e5be2e5_fk_core_hoadon_id FOREIGN KEY (hoa_don_id) REFERENCES public.core_hoadon(id) DEFERRABLE INITIALLY DEFERRED;


--
-- TOC entry 5186 (class 2606 OID 25860)
-- Name: core_danhgiatram core_danhgiatram_tram_id_d942a263_fk_core_tramxang_id; Type: FK CONSTRAINT; Schema: public; Owner: -
--

ALTER TABLE ONLY public.core_danhgiatram
    ADD CONSTRAINT core_danhgiatram_tram_id_d942a263_fk_core_tramxang_id FOREIGN KEY (tram_id) REFERENCES public.core_tramxang(id) DEFERRABLE INITIALLY DEFERRED;


--
-- TOC entry 5187 (class 2606 OID 26095)
-- Name: core_danhgiatram core_danhgiatram_user_id_f1eb5188_fk_core_user_id; Type: FK CONSTRAINT; Schema: public; Owner: -
--

ALTER TABLE ONLY public.core_danhgiatram
    ADD CONSTRAINT core_danhgiatram_user_id_f1eb5188_fk_core_user_id FOREIGN KEY (user_id) REFERENCES public.core_user(id) DEFERRABLE INITIALLY DEFERRED;


--
-- TOC entry 5176 (class 2606 OID 25915)
-- Name: core_hoadon core_hoadon_ca_lam_viec_id_ce3c10d6_fk_core_calamviec_id; Type: FK CONSTRAINT; Schema: public; Owner: -
--

ALTER TABLE ONLY public.core_hoadon
    ADD CONSTRAINT core_hoadon_ca_lam_viec_id_ce3c10d6_fk_core_calamviec_id FOREIGN KEY (ca_lam_viec_id) REFERENCES public.core_calamviec(id) DEFERRABLE INITIALLY DEFERRED;


--
-- TOC entry 5177 (class 2606 OID 17755)
-- Name: core_hoadon core_hoadon_nhan_vien_id_7dcf65ce_fk_core_user_id; Type: FK CONSTRAINT; Schema: public; Owner: -
--

ALTER TABLE ONLY public.core_hoadon
    ADD CONSTRAINT core_hoadon_nhan_vien_id_7dcf65ce_fk_core_user_id FOREIGN KEY (nhan_vien_id) REFERENCES public.core_user(id) DEFERRABLE INITIALLY DEFERRED;


--
-- TOC entry 5190 (class 2606 OID 25905)
-- Name: core_noptiengiuaca core_noptiengiuaca_ca_lam_viec_id_1827a8be_fk_core_calamviec_id; Type: FK CONSTRAINT; Schema: public; Owner: -
--

ALTER TABLE ONLY public.core_noptiengiuaca
    ADD CONSTRAINT core_noptiengiuaca_ca_lam_viec_id_1827a8be_fk_core_calamviec_id FOREIGN KEY (ca_lam_viec_id) REFERENCES public.core_calamviec(id) DEFERRABLE INITIALLY DEFERRED;


--
-- TOC entry 5179 (class 2606 OID 17768)
-- Name: core_phieunhap core_phieunhap_bon_chua_id_1463970a_fk_core_bonchua_id; Type: FK CONSTRAINT; Schema: public; Owner: -
--

ALTER TABLE ONLY public.core_phieunhap
    ADD CONSTRAINT core_phieunhap_bon_chua_id_1463970a_fk_core_bonchua_id FOREIGN KEY (bon_chua_id) REFERENCES public.core_bonchua(id) DEFERRABLE INITIALLY DEFERRED;


--
-- TOC entry 5180 (class 2606 OID 17773)
-- Name: core_phieunhap core_phieunhap_nha_cung_cap_id_7a4a13c4_fk_core_nhacungcap_id; Type: FK CONSTRAINT; Schema: public; Owner: -
--

ALTER TABLE ONLY public.core_phieunhap
    ADD CONSTRAINT core_phieunhap_nha_cung_cap_id_7a4a13c4_fk_core_nhacungcap_id FOREIGN KEY (nha_cung_cap_id) REFERENCES public.core_nhacungcap(id) DEFERRABLE INITIALLY DEFERRED;


--
-- TOC entry 5181 (class 2606 OID 17781)
-- Name: core_sanpham core_sanpham_danh_muc_id_665470ba_fk_core_danhmuc_id; Type: FK CONSTRAINT; Schema: public; Owner: -
--

ALTER TABLE ONLY public.core_sanpham
    ADD CONSTRAINT core_sanpham_danh_muc_id_665470ba_fk_core_danhmuc_id FOREIGN KEY (danh_muc_id) REFERENCES public.core_danhmuc(id) DEFERRABLE INITIALLY DEFERRED;


--
-- TOC entry 5172 (class 2606 OID 17734)
-- Name: core_user_groups core_user_groups_group_id_fe8c697f_fk_auth_group_id; Type: FK CONSTRAINT; Schema: public; Owner: -
--

ALTER TABLE ONLY public.core_user_groups
    ADD CONSTRAINT core_user_groups_group_id_fe8c697f_fk_auth_group_id FOREIGN KEY (group_id) REFERENCES public.auth_group(id) DEFERRABLE INITIALLY DEFERRED;


--
-- TOC entry 5173 (class 2606 OID 17729)
-- Name: core_user_groups core_user_groups_user_id_70b4d9b8_fk_core_user_id; Type: FK CONSTRAINT; Schema: public; Owner: -
--

ALTER TABLE ONLY public.core_user_groups
    ADD CONSTRAINT core_user_groups_user_id_70b4d9b8_fk_core_user_id FOREIGN KEY (user_id) REFERENCES public.core_user(id) DEFERRABLE INITIALLY DEFERRED;


--
-- TOC entry 5171 (class 2606 OID 17815)
-- Name: core_user core_user_tram_xang_id_6d7716a3_fk_core_tramxang_id; Type: FK CONSTRAINT; Schema: public; Owner: -
--

ALTER TABLE ONLY public.core_user
    ADD CONSTRAINT core_user_tram_xang_id_6d7716a3_fk_core_tramxang_id FOREIGN KEY (tram_xang_id) REFERENCES public.core_tramxang(id) DEFERRABLE INITIALLY DEFERRED;


--
-- TOC entry 5174 (class 2606 OID 17748)
-- Name: core_user_user_permissions core_user_user_permi_permission_id_35ccf601_fk_auth_perm; Type: FK CONSTRAINT; Schema: public; Owner: -
--

ALTER TABLE ONLY public.core_user_user_permissions
    ADD CONSTRAINT core_user_user_permi_permission_id_35ccf601_fk_auth_perm FOREIGN KEY (permission_id) REFERENCES public.auth_permission(id) DEFERRABLE INITIALLY DEFERRED;


--
-- TOC entry 5175 (class 2606 OID 17743)
-- Name: core_user_user_permissions core_user_user_permissions_user_id_085123d3_fk_core_user_id; Type: FK CONSTRAINT; Schema: public; Owner: -
--

ALTER TABLE ONLY public.core_user_user_permissions
    ADD CONSTRAINT core_user_user_permissions_user_id_085123d3_fk_core_user_id FOREIGN KEY (user_id) REFERENCES public.core_user(id) DEFERRABLE INITIALLY DEFERRED;


--
-- TOC entry 5184 (class 2606 OID 17837)
-- Name: core_yeucaunhaphang core_yeucaunhaphang_nguoi_yeu_cau_id_48b1deed_fk_core_user_id; Type: FK CONSTRAINT; Schema: public; Owner: -
--

ALTER TABLE ONLY public.core_yeucaunhaphang
    ADD CONSTRAINT core_yeucaunhaphang_nguoi_yeu_cau_id_48b1deed_fk_core_user_id FOREIGN KEY (nguoi_yeu_cau_id) REFERENCES public.core_user(id) DEFERRABLE INITIALLY DEFERRED;


--
-- TOC entry 5185 (class 2606 OID 17842)
-- Name: core_yeucaunhaphang core_yeucaunhaphang_tram_id_b77ae9d3_fk_core_tramxang_id; Type: FK CONSTRAINT; Schema: public; Owner: -
--

ALTER TABLE ONLY public.core_yeucaunhaphang
    ADD CONSTRAINT core_yeucaunhaphang_tram_id_b77ae9d3_fk_core_tramxang_id FOREIGN KEY (tram_id) REFERENCES public.core_tramxang(id) DEFERRABLE INITIALLY DEFERRED;


--
-- TOC entry 5182 (class 2606 OID 17803)
-- Name: django_admin_log django_admin_log_content_type_id_c4bce8eb_fk_django_co; Type: FK CONSTRAINT; Schema: public; Owner: -
--

ALTER TABLE ONLY public.django_admin_log
    ADD CONSTRAINT django_admin_log_content_type_id_c4bce8eb_fk_django_co FOREIGN KEY (content_type_id) REFERENCES public.django_content_type(id) DEFERRABLE INITIALLY DEFERRED;


--
-- TOC entry 5183 (class 2606 OID 17808)
-- Name: django_admin_log django_admin_log_user_id_c564eba6_fk_core_user_id; Type: FK CONSTRAINT; Schema: public; Owner: -
--

ALTER TABLE ONLY public.django_admin_log
    ADD CONSTRAINT django_admin_log_user_id_c564eba6_fk_core_user_id FOREIGN KEY (user_id) REFERENCES public.core_user(id) DEFERRABLE INITIALLY DEFERRED;


--
-- TOC entry 5196 (class 2606 OID 26056)
-- Name: socialaccount_socialtoken socialaccount_social_account_id_951f210e_fk_socialacc; Type: FK CONSTRAINT; Schema: public; Owner: -
--

ALTER TABLE ONLY public.socialaccount_socialtoken
    ADD CONSTRAINT socialaccount_social_account_id_951f210e_fk_socialacc FOREIGN KEY (account_id) REFERENCES public.socialaccount_socialaccount(id) DEFERRABLE INITIALLY DEFERRED;


--
-- TOC entry 5197 (class 2606 OID 26080)
-- Name: socialaccount_socialtoken socialaccount_social_app_id_636a42d7_fk_socialacc; Type: FK CONSTRAINT; Schema: public; Owner: -
--

ALTER TABLE ONLY public.socialaccount_socialtoken
    ADD CONSTRAINT socialaccount_social_app_id_636a42d7_fk_socialacc FOREIGN KEY (app_id) REFERENCES public.socialaccount_socialapp(id) DEFERRABLE INITIALLY DEFERRED;


--
-- TOC entry 5194 (class 2606 OID 26049)
-- Name: socialaccount_socialapp_sites socialaccount_social_site_id_2579dee5_fk_django_si; Type: FK CONSTRAINT; Schema: public; Owner: -
--

ALTER TABLE ONLY public.socialaccount_socialapp_sites
    ADD CONSTRAINT socialaccount_social_site_id_2579dee5_fk_django_si FOREIGN KEY (site_id) REFERENCES public.django_site(id) DEFERRABLE INITIALLY DEFERRED;


--
-- TOC entry 5195 (class 2606 OID 26044)
-- Name: socialaccount_socialapp_sites socialaccount_social_socialapp_id_97fb6e7d_fk_socialacc; Type: FK CONSTRAINT; Schema: public; Owner: -
--

ALTER TABLE ONLY public.socialaccount_socialapp_sites
    ADD CONSTRAINT socialaccount_social_socialapp_id_97fb6e7d_fk_socialacc FOREIGN KEY (socialapp_id) REFERENCES public.socialaccount_socialapp(id) DEFERRABLE INITIALLY DEFERRED;


--
-- TOC entry 5193 (class 2606 OID 26036)
-- Name: socialaccount_socialaccount socialaccount_socialaccount_user_id_8146e70c_fk_core_user_id; Type: FK CONSTRAINT; Schema: public; Owner: -
--

ALTER TABLE ONLY public.socialaccount_socialaccount
    ADD CONSTRAINT socialaccount_socialaccount_user_id_8146e70c_fk_core_user_id FOREIGN KEY (user_id) REFERENCES public.core_user(id) DEFERRABLE INITIALLY DEFERRED;


-- Completed on 2026-05-05 17:20:52

--
-- PostgreSQL database dump complete
--



